-- MySQL dump 10.13  Distrib 5.5.35, for debian-linux-gnu (x86_64)
--
-- Host: localhost    Database: demo
-- ------------------------------------------------------
-- Server version	5.5.35-0ubuntu0.12.04.2

/*!40101 SET @OLD_CHARACTER_SET_CLIENT=@@CHARACTER_SET_CLIENT */;
/*!40101 SET @OLD_CHARACTER_SET_RESULTS=@@CHARACTER_SET_RESULTS */;
/*!40101 SET @OLD_COLLATION_CONNECTION=@@COLLATION_CONNECTION */;
/*!40101 SET NAMES utf8 */;
/*!40103 SET @OLD_TIME_ZONE=@@TIME_ZONE */;
/*!40103 SET TIME_ZONE='+00:00' */;
/*!40014 SET @OLD_UNIQUE_CHECKS=@@UNIQUE_CHECKS, UNIQUE_CHECKS=0 */;
/*!40014 SET @OLD_FOREIGN_KEY_CHECKS=@@FOREIGN_KEY_CHECKS, FOREIGN_KEY_CHECKS=0 */;
/*!40101 SET @OLD_SQL_MODE=@@SQL_MODE, SQL_MODE='NO_AUTO_VALUE_ON_ZERO' */;
/*!40111 SET @OLD_SQL_NOTES=@@SQL_NOTES, SQL_NOTES=0 */;

--
-- Table structure for table `comment`
--

DROP TABLE IF EXISTS `comment`;
/*!40101 SET @saved_cs_client     = @@character_set_client */;
/*!40101 SET character_set_client = utf8 */;
CREATE TABLE `comment` (
  `id` int(10) unsigned NOT NULL AUTO_INCREMENT,
  `user_id` int(10) unsigned NOT NULL,
  `thread_id` int(10) unsigned NOT NULL,
  `post_index` int(11) NOT NULL,
  `content` varchar(4095) COLLATE utf8_unicode_ci NOT NULL,
  `created_at` int(10) unsigned NOT NULL,
  `updated_at` int(10) unsigned NOT NULL,
  `votes` int(11) NOT NULL,
  PRIMARY KEY (`id`),
  UNIQUE KEY `UNIQ_9474526CE29040191768EBEE` (`thread_id`,`post_index`),
  KEY `IDX_9474526CA76ED395` (`user_id`),
  KEY `IDX_9474526CE2904019` (`thread_id`),
  CONSTRAINT `FK_9474526CA76ED395` FOREIGN KEY (`user_id`) REFERENCES `user` (`id`),
  CONSTRAINT `FK_9474526CE2904019` FOREIGN KEY (`thread_id`) REFERENCES `thread` (`id`)
) ENGINE=InnoDB AUTO_INCREMENT=1139 DEFAULT CHARSET=utf8 COLLATE=utf8_unicode_ci;
/*!40101 SET character_set_client = @saved_cs_client */;

--
-- Dumping data for table `comment`
--

LOCK TABLES `comment` WRITE;
/*!40000 ALTER TABLE `comment` DISABLE KEYS */;
INSERT INTO `comment` VALUES (1,2,1,1,'content12346',1396447145,1396447145,1),(2,2,1,2,'re1111111111',1396447171,1396447171,0),(3,2,2,1,'2222222222222222',1396447223,1396447223,0),(4,1,1,3,'TTTTTTTTTTTTTTTTTTTTTTTTTT',1396447329,1396447329,0),(5,1,3,1,'22222222222222222',1396447345,1396447345,0),(6,1,4,1,'44444444444444444',1396447403,1396447403,1),(7,3,5,1,'444444444444444444444444444',1396448632,1396448632,0),(8,3,6,1,'55555555555555555',1396448641,1396448641,0),(9,3,7,1,'66666666666666666666666666666666',1396448646,1396448646,0),(10,3,8,1,'66666666666666666',1396448654,1396448654,0),(11,3,9,1,'6666666666666666666',1396448659,1396448659,0),(12,3,10,1,'66666666666666666666666',1396448690,1396448690,0),(13,3,11,1,'5555555555555555555555',1396449297,1396449297,0),(14,3,12,1,'2222222222222222',1396449304,1396449304,0),(15,3,13,1,'5555555555555555555555',1396449310,1396449310,0),(16,3,14,1,'33333333333333',1396449317,1396449317,0),(17,3,15,1,'55555555555555555555',1396449322,1396449322,0),(18,3,16,1,'6666666666666666666666666',1396449330,1396449330,0),(19,3,17,1,'22222222222222222222222222',1396449335,1396449335,0),(20,3,18,1,'2222222222222222222222',1396449340,1396449340,0),(21,3,19,1,'5555555555555555555555555555',1396449346,1396449346,0),(22,3,20,1,'222222222222222222222',1396449354,1396449354,1),(23,3,21,1,'333333333333333333333',1396465831,1396465831,0),(25,3,22,1,'333333333333333333333',1396466857,1396466857,0),(27,3,23,1,'555555555555555555555555',1396466945,1396466945,0),(28,3,24,1,'4444444444444444444',1396467614,1396467614,0),(29,3,24,2,'cccccccccccccc',1396468359,1396468359,0),(30,3,25,1,'333333333333333333333',1396473203,1396473203,0),(32,3,26,1,'ccccccccccc',1396473969,1396473969,0),(33,3,27,1,'ccccccccccc',1396473969,1396473969,0),(34,3,28,1,'ccccccccccc',1396473969,1396473969,0),(35,3,29,1,'ccccccccccc',1396473969,1396473969,0),(36,3,30,1,'ccccccccccc',1396473969,1396473969,0),(37,3,31,1,'ccccccccccc',1396473969,1396473969,0),(38,3,32,1,'ccccccccccc',1396473969,1396473969,0),(39,3,33,1,'ccccccccccc',1396473969,1396473969,0),(40,3,34,1,'ccccccccccc',1396473969,1396473969,0),(41,3,35,1,'ccccccccccc',1396473969,1396473969,0),(42,3,36,1,'ccccccccccc',1396473969,1396473969,0),(43,3,37,1,'ccccccccccc',1396473969,1396473969,0),(44,3,38,1,'ccccccccccc',1396473969,1396473969,0),(45,3,39,1,'ccccccccccc',1396473969,1396473969,0),(46,3,40,1,'ccccccccccc',1396473969,1396473969,0),(47,3,41,1,'ccccccccccc',1396473969,1396473969,0),(48,3,42,1,'ccccccccccc',1396473969,1396473969,0),(49,3,43,1,'ccccccccccc',1396473969,1396473969,0),(50,3,44,1,'ccccccccccc',1396473969,1396473969,0),(51,3,45,1,'ccccccccccc',1396473969,1396473969,0),(52,3,46,1,'ccccccccccc',1396473969,1396473969,0),(53,3,47,1,'ccccccccccc',1396473969,1396473969,0),(54,3,48,1,'ccccccccccc',1396473969,1396473969,0),(55,3,49,1,'ccccccccccc',1396473969,1396473969,0),(56,3,50,1,'ccccccccccc',1396473969,1396473969,0),(57,3,51,1,'ccccccccccc',1396473969,1396473969,0),(58,3,52,1,'ccccccccccc',1396473970,1396473970,0),(59,3,53,1,'ccccccccccc',1396473970,1396473970,0),(60,3,54,1,'ccccccccccc',1396473970,1396473970,0),(61,3,55,1,'ccccccccccc',1396473970,1396473970,0),(62,3,56,1,'ccccccccccc',1396473970,1396473970,0),(63,3,57,1,'ccccccccccc',1396473970,1396473970,0),(64,3,58,1,'ccccccccccc',1396473970,1396473970,0),(65,3,59,1,'ccccccccccc',1396473970,1396473970,0),(66,3,60,1,'ccccccccccc',1396473970,1396473970,0),(67,3,61,1,'ccccccccccc',1396473970,1396473970,0),(68,3,62,1,'ccccccccccc',1396473970,1396473970,0),(69,3,63,1,'ccccccccccc',1396473970,1396473970,0),(70,3,64,1,'ccccccccccc',1396473970,1396473970,0),(71,3,65,1,'ccccccccccc',1396473970,1396473970,0),(72,3,66,1,'ccccccccccc',1396473970,1396473970,0),(73,3,67,1,'ccccccccccc',1396473970,1396473970,0),(74,3,68,1,'ccccccccccc',1396473970,1396473970,0),(75,3,69,1,'ccccccccccc',1396473970,1396473970,0),(76,3,70,1,'ccccccccccc',1396473970,1396473970,0),(77,3,71,1,'ccccccccccc',1396473970,1396473970,0),(78,3,72,1,'ccccccccccc',1396473970,1396473970,0),(79,3,73,1,'ccccccccccc',1396473970,1396473970,0),(80,3,74,1,'ccccccccccc',1396473970,1396473970,0),(81,3,75,1,'ccccccccccc',1396473970,1396473970,0),(82,3,76,1,'ccccccccccc',1396473970,1396473970,0),(83,3,77,1,'ccccccccccc',1396473970,1396473970,0),(84,3,78,1,'ccccccccccc',1396473970,1396473970,0),(85,3,79,1,'ccccccccccc',1396473970,1396473970,0),(86,3,80,1,'ccccccccccc',1396473970,1396473970,0),(87,3,81,1,'ccccccccccc',1396473970,1396473970,0),(88,3,82,1,'ccccccccccc',1396473970,1396473970,0),(89,3,83,1,'ccccccccccc',1396473970,1396473970,0),(90,3,84,1,'ccccccccccc',1396473971,1396473971,0),(91,3,85,1,'ccccccccccc',1396473971,1396473971,0),(92,3,86,1,'ccccccccccc',1396473971,1396473971,0),(93,3,87,1,'ccccccccccc',1396473971,1396473971,0),(94,3,88,1,'ccccccccccc',1396473971,1396473971,0),(95,3,89,1,'ccccccccccc',1396473971,1396473971,0),(96,3,90,1,'ccccccccccc',1396473971,1396473971,0),(97,3,91,1,'ccccccccccc',1396473971,1396473971,0),(98,3,92,1,'ccccccccccc',1396473971,1396473971,0),(99,3,93,1,'ccccccccccc',1396473971,1396473971,0),(100,3,94,1,'ccccccccccc',1396473971,1396473971,0),(101,3,95,1,'ccccccccccc',1396473971,1396473971,0),(102,3,96,1,'ccccccccccc',1396473971,1396473971,0),(103,3,97,1,'ccccccccccc',1396473971,1396473971,0),(104,3,98,1,'ccccccccccc',1396473971,1396473971,0),(105,3,99,1,'ccccccccccc',1396473971,1396473971,0),(106,3,100,1,'ccccccccccc',1396473971,1396473971,0),(107,3,101,1,'ccccccccccc',1396473971,1396473971,0),(108,3,102,1,'ccccccccccc',1396473971,1396473971,0),(109,3,103,1,'ccccccccccc',1396473971,1396473971,0),(110,3,104,1,'ccccccccccc',1396473971,1396473971,0),(111,3,105,1,'ccccccccccc',1396473971,1396473971,0),(112,3,106,1,'ccccccccccc',1396473971,1396473971,0),(113,3,107,1,'ccccccccccc',1396473971,1396473971,0),(114,3,108,1,'ccccccccccc',1396473971,1396473971,0),(115,3,109,1,'ccccccccccc',1396473972,1396473972,0),(116,3,110,1,'ccccccccccc',1396473972,1396473972,0),(117,3,111,1,'ccccccccccc',1396473972,1396473972,0),(118,3,112,1,'ccccccccccc',1396473972,1396473972,0),(119,3,113,1,'ccccccccccc',1396473972,1396473972,0),(120,3,114,1,'ccccccccccc',1396473972,1396473972,0),(121,3,115,1,'ccccccccccc',1396473972,1396473972,0),(122,3,116,1,'ccccccccccc',1396473972,1396473972,0),(123,3,117,1,'ccccccccccc',1396473972,1396473972,0),(124,3,118,1,'ccccccccccc',1396473972,1396473972,0),(125,3,119,1,'ccccccccccc',1396473972,1396473972,0),(126,3,120,1,'ccccccccccc',1396473972,1396473972,0),(127,3,121,1,'ccccccccccc',1396473972,1396473972,0),(128,3,122,1,'ccccccccccc',1396473972,1396473972,0),(129,3,123,1,'ccccccccccc',1396473972,1396473972,0),(130,3,124,1,'ccccccccccc',1396473972,1396473972,0),(131,3,125,1,'ccccccccccc',1396473972,1396473972,0),(132,3,126,1,'ccccccccccc',1396473995,1396473995,0),(133,3,127,1,'ccccccccccc',1396473995,1396473995,0),(134,3,128,1,'ccccccccccc',1396473995,1396473995,0),(135,3,129,1,'ccccccccccc',1396473995,1396473995,0),(136,3,130,1,'ccccccccccc',1396473996,1396473996,0),(137,3,131,1,'ccccccccccc',1396473996,1396473996,0),(138,3,132,1,'ccccccccccc',1396473996,1396473996,0),(139,3,133,1,'ccccccccccc',1396473996,1396473996,0),(140,3,134,1,'ccccccccccc',1396473996,1396473996,0),(141,3,135,1,'ccccccccccc',1396473996,1396473996,0),(142,3,136,1,'ccccccccccc',1396473996,1396473996,0),(143,3,137,1,'ccccccccccc',1396473996,1396473996,0),(144,3,138,1,'ccccccccccc',1396473996,1396473996,0),(145,3,139,1,'ccccccccccc',1396473996,1396473996,0),(146,3,140,1,'ccccccccccc',1396473996,1396473996,0),(147,3,141,1,'ccccccccccc',1396473996,1396473996,0),(148,3,142,1,'ccccccccccc',1396473996,1396473996,0),(149,3,143,1,'ccccccccccc',1396473996,1396473996,0),(150,3,144,1,'ccccccccccc',1396473996,1396473996,0),(151,3,145,1,'ccccccccccc',1396473996,1396473996,0),(152,3,146,1,'ccccccccccc',1396473996,1396473996,0),(153,3,147,1,'ccccccccccc',1396473996,1396473996,0),(154,3,148,1,'ccccccccccc',1396473996,1396473996,0),(155,3,149,1,'ccccccccccc',1396473996,1396473996,0),(156,3,150,1,'ccccccccccc',1396473996,1396473996,0),(157,3,151,1,'ccccccccccc',1396473996,1396473996,0),(158,3,152,1,'ccccccccccc',1396473996,1396473996,0),(159,3,153,1,'ccccccccccc',1396473996,1396473996,0),(160,3,154,1,'ccccccccccc',1396473996,1396473996,0),(161,3,155,1,'ccccccccccc',1396473996,1396473996,0),(162,3,156,1,'ccccccccccc',1396473996,1396473996,0),(163,3,157,1,'ccccccccccc',1396473996,1396473996,0),(164,3,158,1,'ccccccccccc',1396473996,1396473996,0),(165,3,159,1,'ccccccccccc',1396473996,1396473996,0),(166,3,160,1,'ccccccccccc',1396473996,1396473996,0),(167,3,161,1,'ccccccccccc',1396473996,1396473996,0),(168,3,162,1,'ccccccccccc',1396473996,1396473996,0),(169,3,163,1,'ccccccccccc',1396473996,1396473996,0),(170,3,164,1,'ccccccccccc',1396473996,1396473996,0),(171,3,165,1,'ccccccccccc',1396473996,1396473996,0),(172,3,166,1,'ccccccccccc',1396473996,1396473996,0),(173,3,167,1,'ccccccccccc',1396473996,1396473996,0),(174,3,168,1,'ccccccccccc',1396473996,1396473996,0),(175,3,169,1,'ccccccccccc',1396473996,1396473996,0),(176,3,170,1,'ccccccccccc',1396473996,1396473996,0),(177,3,171,1,'ccccccccccc',1396473996,1396473996,0),(178,3,172,1,'ccccccccccc',1396473996,1396473996,0),(179,3,173,1,'ccccccccccc',1396473996,1396473996,0),(180,3,174,1,'ccccccccccc',1396473996,1396473996,0),(181,3,175,1,'ccccccccccc',1396473996,1396473996,0),(182,3,176,1,'ccccccccccc',1396473996,1396473996,0),(183,3,177,1,'ccccccccccc',1396473996,1396473996,0),(184,3,178,1,'ccccccccccc',1396473997,1396473997,0),(185,3,179,1,'ccccccccccc',1396473997,1396473997,0),(186,3,180,1,'ccccccccccc',1396473997,1396473997,0),(187,3,181,1,'ccccccccccc',1396473997,1396473997,0),(188,3,182,1,'ccccccccccc',1396473997,1396473997,0),(189,3,183,1,'ccccccccccc',1396473997,1396473997,0),(190,3,184,1,'ccccccccccc',1396473997,1396473997,0),(191,3,185,1,'ccccccccccc',1396473997,1396473997,0),(192,3,186,1,'ccccccccccc',1396473997,1396473997,0),(193,3,187,1,'ccccccccccc',1396473997,1396473997,0),(194,3,188,1,'ccccccccccc',1396473997,1396473997,0),(195,3,189,1,'ccccccccccc',1396473997,1396473997,0),(196,3,190,1,'ccccccccccc',1396473997,1396473997,0),(197,3,191,1,'ccccccccccc',1396473997,1396473997,0),(198,3,192,1,'ccccccccccc',1396473997,1396473997,0),(199,3,193,1,'ccccccccccc',1396473997,1396473997,0),(200,3,194,1,'ccccccccccc',1396473997,1396473997,0),(201,3,195,1,'ccccccccccc',1396473997,1396473997,0),(202,3,196,1,'ccccccccccc',1396473997,1396473997,0),(203,3,197,1,'ccccccccccc',1396473997,1396473997,0),(204,3,198,1,'ccccccccccc',1396473997,1396473997,0),(205,3,199,1,'ccccccccccc',1396473997,1396473997,0),(206,3,200,1,'ccccccccccc',1396473997,1396473997,0),(207,3,201,1,'ccccccccccc',1396473997,1396473997,0),(208,3,202,1,'ccccccccccc',1396473997,1396473997,0),(209,3,203,1,'ccccccccccc',1396473997,1396473997,0),(210,3,204,1,'ccccccccccc',1396473997,1396473997,0),(211,3,205,1,'ccccccccccc',1396473998,1396473998,0),(212,3,206,1,'ccccccccccc',1396473998,1396473998,0),(213,3,207,1,'ccccccccccc',1396473998,1396473998,0),(214,3,208,1,'ccccccccccc',1396473998,1396473998,0),(215,3,209,1,'ccccccccccc',1396473998,1396473998,0),(216,3,210,1,'ccccccccccc',1396473998,1396473998,0),(217,3,211,1,'ccccccccccc',1396473998,1396473998,0),(218,3,212,1,'ccccccccccc',1396473998,1396473998,0),(219,3,213,1,'ccccccccccc',1396473998,1396473998,0),(220,3,214,1,'ccccccccccc',1396473998,1396473998,0),(221,3,215,1,'ccccccccccc',1396473998,1396473998,0),(222,3,216,1,'ccccccccccc',1396473998,1396473998,0),(223,3,217,1,'ccccccccccc',1396473998,1396473998,0),(224,3,218,1,'ccccccccccc',1396473998,1396473998,0),(225,3,219,1,'ccccccccccc',1396473998,1396473998,0),(226,3,220,1,'ccccccccccc',1396473998,1396473998,0),(227,3,221,1,'ccccccccccc',1396473998,1396473998,0),(228,3,222,1,'ccccccccccc',1396473998,1396473998,0),(229,3,223,1,'ccccccccccc',1396473998,1396473998,0),(230,3,224,1,'ccccccccccc',1396473998,1396473998,0),(231,3,225,1,'ccccccccccc',1396473998,1396473998,0),(232,3,226,1,'ccccccccccc',1396474023,1396474023,0),(233,3,227,1,'ccccccccccc',1396474023,1396474023,0),(234,3,228,1,'ccccccccccc',1396474023,1396474023,0),(235,3,229,1,'ccccccccccc',1396474023,1396474023,0),(236,3,230,1,'ccccccccccc',1396474023,1396474023,0),(237,3,231,1,'ccccccccccc',1396474023,1396474023,0),(238,3,232,1,'ccccccccccc',1396474023,1396474023,0),(239,3,233,1,'ccccccccccc',1396474023,1396474023,0),(240,3,234,1,'ccccccccccc',1396474023,1396474023,0),(241,3,235,1,'ccccccccccc',1396474023,1396474023,0),(242,3,236,1,'ccccccccccc',1396474023,1396474023,0),(243,3,237,1,'ccccccccccc',1396474023,1396474023,0),(244,3,238,1,'ccccccccccc',1396474023,1396474023,0),(245,3,239,1,'ccccccccccc',1396474023,1396474023,0),(246,3,240,1,'ccccccccccc',1396474023,1396474023,0),(247,3,241,1,'ccccccccccc',1396474023,1396474023,0),(248,3,242,1,'ccccccccccc',1396474023,1396474023,0),(249,3,243,1,'ccccccccccc',1396474024,1396474024,0),(250,3,244,1,'ccccccccccc',1396474024,1396474024,0),(251,3,245,1,'ccccccccccc',1396474024,1396474024,0),(252,3,246,1,'ccccccccccc',1396474024,1396474024,0),(253,3,247,1,'ccccccccccc',1396474024,1396474024,0),(254,3,248,1,'ccccccccccc',1396474024,1396474024,0),(255,3,249,1,'ccccccccccc',1396474024,1396474024,0),(256,3,250,1,'ccccccccccc',1396474024,1396474024,0),(257,3,251,1,'ccccccccccc',1396474024,1396474024,0),(258,3,252,1,'ccccccccccc',1396474024,1396474024,0),(259,3,253,1,'ccccccccccc',1396474024,1396474024,0),(260,3,254,1,'ccccccccccc',1396474024,1396474024,0),(261,3,255,1,'ccccccccccc',1396474024,1396474024,0),(262,3,256,1,'ccccccccccc',1396474024,1396474024,0),(263,3,257,1,'ccccccccccc',1396474024,1396474024,0),(264,3,258,1,'ccccccccccc',1396474024,1396474024,0),(265,3,259,1,'ccccccccccc',1396474024,1396474024,0),(266,3,260,1,'ccccccccccc',1396474024,1396474024,0),(267,3,261,1,'ccccccccccc',1396474024,1396474024,0),(268,3,262,1,'ccccccccccc',1396474024,1396474024,0),(269,3,263,1,'ccccccccccc',1396474024,1396474024,0),(270,3,264,1,'ccccccccccc',1396474024,1396474024,0),(271,3,265,1,'ccccccccccc',1396474024,1396474024,0),(272,3,266,1,'ccccccccccc',1396474024,1396474024,0),(273,3,267,1,'ccccccccccc',1396474024,1396474024,0),(274,3,268,1,'ccccccccccc',1396474024,1396474024,0),(275,3,269,1,'ccccccccccc',1396474024,1396474024,0),(276,3,270,1,'ccccccccccc',1396474024,1396474024,0),(277,3,271,1,'ccccccccccc',1396474024,1396474024,0),(278,3,272,1,'ccccccccccc',1396474024,1396474024,0),(279,3,273,1,'ccccccccccc',1396474024,1396474024,0),(280,3,274,1,'ccccccccccc',1396474024,1396474024,0),(281,3,275,1,'ccccccccccc',1396474024,1396474024,0),(282,3,276,1,'ccccccccccc',1396474024,1396474024,0),(283,3,277,1,'ccccccccccc',1396474024,1396474024,0),(284,3,278,1,'ccccccccccc',1396474024,1396474024,0),(285,3,279,1,'ccccccccccc',1396474024,1396474024,0),(286,3,280,1,'ccccccccccc',1396474024,1396474024,0),(287,3,281,1,'ccccccccccc',1396474024,1396474024,0),(288,3,282,1,'ccccccccccc',1396474024,1396474024,0),(289,3,283,1,'ccccccccccc',1396474025,1396474025,0),(290,3,284,1,'ccccccccccc',1396474025,1396474025,0),(291,3,285,1,'ccccccccccc',1396474025,1396474025,0),(292,3,286,1,'ccccccccccc',1396474025,1396474025,0),(293,3,287,1,'ccccccccccc',1396474025,1396474025,0),(294,3,288,1,'ccccccccccc',1396474025,1396474025,0),(295,3,289,1,'ccccccccccc',1396474025,1396474025,0),(296,3,290,1,'ccccccccccc',1396474025,1396474025,0),(297,3,291,1,'ccccccccccc',1396474025,1396474025,0),(298,3,292,1,'ccccccccccc',1396474025,1396474025,0),(299,3,293,1,'ccccccccccc',1396474025,1396474025,0),(300,3,294,1,'ccccccccccc',1396474025,1396474025,0),(301,3,295,1,'ccccccccccc',1396474025,1396474025,0),(302,3,296,1,'ccccccccccc',1396474025,1396474025,0),(303,3,297,1,'ccccccccccc',1396474025,1396474025,0),(304,3,298,1,'ccccccccccc',1396474025,1396474025,0),(305,3,299,1,'ccccccccccc',1396474025,1396474025,0),(306,3,300,1,'ccccccccccc',1396474025,1396474025,0),(307,3,301,1,'ccccccccccc',1396474025,1396474025,0),(308,3,302,1,'ccccccccccc',1396474025,1396474025,0),(309,3,303,1,'ccccccccccc',1396474025,1396474025,0),(310,3,304,1,'ccccccccccc',1396474025,1396474025,0),(311,3,305,1,'ccccccccccc',1396474025,1396474025,0),(312,3,306,1,'ccccccccccc',1396474025,1396474025,0),(313,3,307,1,'ccccccccccc',1396474025,1396474025,0),(314,3,308,1,'ccccccccccc',1396474025,1396474025,0),(315,3,309,1,'ccccccccccc',1396474025,1396474025,0),(316,3,310,1,'ccccccccccc',1396474026,1396474026,0),(317,3,311,1,'ccccccccccc',1396474026,1396474026,0),(318,3,312,1,'ccccccccccc',1396474026,1396474026,0),(319,3,313,1,'ccccccccccc',1396474026,1396474026,0),(320,3,314,1,'ccccccccccc',1396474026,1396474026,0),(321,3,315,1,'ccccccccccc',1396474026,1396474026,0),(322,3,316,1,'ccccccccccc',1396474026,1396474026,0),(323,3,317,1,'ccccccccccc',1396474026,1396474026,0),(324,3,318,1,'ccccccccccc',1396474026,1396474026,0),(325,3,319,1,'ccccccccccc',1396474026,1396474026,0),(326,3,320,1,'ccccccccccc',1396474026,1396474026,0),(327,3,321,1,'ccccccccccc',1396474026,1396474026,0),(328,3,322,1,'ccccccccccc',1396474026,1396474026,0),(329,3,323,1,'ccccccccccc',1396474026,1396474026,0),(330,3,324,1,'ccccccccccc',1396474026,1396474026,0),(331,3,325,1,'ccccccccccc',1396474026,1396474026,0),(332,3,326,1,'ccccccccccc',1396474026,1396474026,0),(333,3,327,1,'ccccccccccc',1396474026,1396474026,0),(334,3,328,1,'ccccccccccc',1396474026,1396474026,0),(335,3,329,1,'ccccccccccc',1396474026,1396474026,0),(336,3,330,1,'ccccccccccc',1396474026,1396474026,0),(337,3,331,1,'ccccccccccc',1396474027,1396474027,0),(338,3,332,1,'ccccccccccc',1396474027,1396474027,0),(339,3,333,1,'ccccccccccc',1396474027,1396474027,0),(340,3,334,1,'ccccccccccc',1396474027,1396474027,0),(341,3,335,1,'ccccccccccc',1396474027,1396474027,0),(342,3,336,1,'ccccccccccc',1396474027,1396474027,0),(343,3,337,1,'ccccccccccc',1396474027,1396474027,0),(344,3,338,1,'ccccccccccc',1396474027,1396474027,0),(345,3,339,1,'ccccccccccc',1396474027,1396474027,0),(346,3,340,1,'ccccccccccc',1396474027,1396474027,0),(347,3,341,1,'ccccccccccc',1396474027,1396474027,0),(348,3,342,1,'ccccccccccc',1396474027,1396474027,0),(349,3,343,1,'ccccccccccc',1396474027,1396474027,0),(350,3,344,1,'ccccccccccc',1396474027,1396474027,0),(351,3,345,1,'ccccccccccc',1396474027,1396474027,0),(352,3,346,1,'ccccccccccc',1396474027,1396474027,0),(353,3,347,1,'ccccccccccc',1396474027,1396474027,0),(354,3,348,1,'ccccccccccc',1396474027,1396474027,0),(355,3,349,1,'ccccccccccc',1396474027,1396474027,0),(356,3,350,1,'ccccccccccc',1396474028,1396474028,0),(357,3,351,1,'ccccccccccc',1396474028,1396474028,0),(358,3,352,1,'ccccccccccc',1396474028,1396474028,0),(359,3,353,1,'ccccccccccc',1396474028,1396474028,0),(360,3,354,1,'ccccccccccc',1396474028,1396474028,0),(361,3,355,1,'ccccccccccc',1396474028,1396474028,0),(362,3,356,1,'ccccccccccc',1396474028,1396474028,0),(363,3,357,1,'ccccccccccc',1396474028,1396474028,0),(364,3,358,1,'ccccccccccc',1396474028,1396474028,0),(365,3,359,1,'ccccccccccc',1396474028,1396474028,0),(366,3,360,1,'ccccccccccc',1396474028,1396474028,0),(367,3,361,1,'ccccccccccc',1396474028,1396474028,0),(368,3,362,1,'ccccccccccc',1396474028,1396474028,0),(369,3,363,1,'ccccccccccc',1396474028,1396474028,0),(370,3,364,1,'ccccccccccc',1396474028,1396474028,0),(371,3,365,1,'ccccccccccc',1396474028,1396474028,0),(372,3,366,1,'ccccccccccc',1396474029,1396474029,0),(373,3,367,1,'ccccccccccc',1396474029,1396474029,0),(374,3,368,1,'ccccccccccc',1396474029,1396474029,0),(375,3,369,1,'ccccccccccc',1396474029,1396474029,0),(376,3,370,1,'ccccccccccc',1396474029,1396474029,0),(377,3,371,1,'ccccccccccc',1396474029,1396474029,0),(378,3,372,1,'ccccccccccc',1396474029,1396474029,0),(379,3,373,1,'ccccccccccc',1396474029,1396474029,0),(380,3,374,1,'ccccccccccc',1396474029,1396474029,0),(381,3,375,1,'ccccccccccc',1396474029,1396474029,0),(382,3,376,1,'ccccccccccc',1396474029,1396474029,0),(383,3,377,1,'ccccccccccc',1396474029,1396474029,0),(384,3,378,1,'ccccccccccc',1396474029,1396474029,0),(385,3,379,1,'ccccccccccc',1396474029,1396474029,0),(386,3,380,1,'ccccccccccc',1396474030,1396474030,0),(387,3,381,1,'ccccccccccc',1396474030,1396474030,0),(388,3,382,1,'ccccccccccc',1396474030,1396474030,0),(389,3,383,1,'ccccccccccc',1396474030,1396474030,0),(390,3,384,1,'ccccccccccc',1396474030,1396474030,0),(391,3,385,1,'ccccccccccc',1396474030,1396474030,0),(392,3,386,1,'ccccccccccc',1396474030,1396474030,0),(393,3,387,1,'ccccccccccc',1396474030,1396474030,0),(394,3,388,1,'ccccccccccc',1396474030,1396474030,0),(395,3,389,1,'ccccccccccc',1396474030,1396474030,0),(396,3,390,1,'ccccccccccc',1396474030,1396474030,0),(397,3,391,1,'ccccccccccc',1396474030,1396474030,0),(398,3,392,1,'ccccccccccc',1396474030,1396474030,0),(399,3,393,1,'ccccccccccc',1396474030,1396474030,0),(400,3,394,1,'ccccccccccc',1396474031,1396474031,0),(401,3,395,1,'ccccccccccc',1396474031,1396474031,0),(402,3,396,1,'ccccccccccc',1396474031,1396474031,0),(403,3,397,1,'ccccccccccc',1396474031,1396474031,0),(404,3,398,1,'ccccccccccc',1396474031,1396474031,0),(405,3,399,1,'ccccccccccc',1396474031,1396474031,0),(406,3,400,1,'ccccccccccc',1396474031,1396474031,0),(407,3,401,1,'ccccccccccc',1396474031,1396474031,0),(408,3,402,1,'ccccccccccc',1396474031,1396474031,0),(409,3,403,1,'ccccccccccc',1396474031,1396474031,0),(410,3,404,1,'ccccccccccc',1396474031,1396474031,0),(411,3,405,1,'ccccccccccc',1396474031,1396474031,0),(412,3,406,1,'ccccccccccc',1396474031,1396474031,0),(413,3,407,1,'ccccccccccc',1396474032,1396474032,0),(414,3,408,1,'ccccccccccc',1396474032,1396474032,0),(415,3,409,1,'ccccccccccc',1396474032,1396474032,0),(416,3,410,1,'ccccccccccc',1396474032,1396474032,0),(417,3,411,1,'ccccccccccc',1396474032,1396474032,0),(418,3,412,1,'ccccccccccc',1396474032,1396474032,0),(419,3,413,1,'ccccccccccc',1396474032,1396474032,0),(420,3,414,1,'ccccccccccc',1396474032,1396474032,0),(421,3,415,1,'ccccccccccc',1396474032,1396474032,0),(422,3,416,1,'ccccccccccc',1396474032,1396474032,0),(423,3,417,1,'ccccccccccc',1396474032,1396474032,0),(424,3,418,1,'ccccccccccc',1396474032,1396474032,0),(425,3,419,1,'ccccccccccc',1396474033,1396474033,0),(426,3,420,1,'ccccccccccc',1396474033,1396474033,0),(427,3,421,1,'ccccccccccc',1396474033,1396474033,0),(428,3,422,1,'ccccccccccc',1396474033,1396474033,0),(429,3,423,1,'ccccccccccc',1396474033,1396474033,0),(430,3,424,1,'ccccccccccc',1396474033,1396474033,0),(431,3,425,1,'ccccccccccc',1396474033,1396474033,0),(432,3,426,1,'ccccccccccc',1396474033,1396474033,0),(433,3,427,1,'ccccccccccc',1396474033,1396474033,0),(434,3,428,1,'ccccccccccc',1396474033,1396474033,0),(435,3,429,1,'ccccccccccc',1396474033,1396474033,0),(436,3,430,1,'ccccccccccc',1396474034,1396474034,0),(437,3,431,1,'ccccccccccc',1396474034,1396474034,0),(438,3,432,1,'ccccccccccc',1396474034,1396474034,0),(439,3,433,1,'ccccccccccc',1396474034,1396474034,0),(440,3,434,1,'ccccccccccc',1396474034,1396474034,0),(441,3,435,1,'ccccccccccc',1396474034,1396474034,0),(442,3,436,1,'ccccccccccc',1396474034,1396474034,0),(443,3,437,1,'ccccccccccc',1396474034,1396474034,0),(444,3,438,1,'ccccccccccc',1396474034,1396474034,0),(445,3,439,1,'ccccccccccc',1396474034,1396474034,0),(446,3,440,1,'ccccccccccc',1396474035,1396474035,0),(447,3,441,1,'ccccccccccc',1396474035,1396474035,0),(448,3,442,1,'ccccccccccc',1396474035,1396474035,0),(449,3,443,1,'ccccccccccc',1396474035,1396474035,0),(450,3,444,1,'ccccccccccc',1396474035,1396474035,0),(451,3,445,1,'ccccccccccc',1396474035,1396474035,0),(452,3,446,1,'ccccccccccc',1396474035,1396474035,0),(453,3,447,1,'ccccccccccc',1396474035,1396474035,0),(454,3,448,1,'ccccccccccc',1396474035,1396474035,0),(455,3,449,1,'ccccccccccc',1396474035,1396474035,0),(456,3,450,1,'ccccccccccc',1396474035,1396474035,0),(457,3,451,1,'ccccccccccc',1396474036,1396474036,0),(458,3,452,1,'ccccccccccc',1396474036,1396474036,0),(459,3,453,1,'ccccccccccc',1396474036,1396474036,0),(460,3,454,1,'ccccccccccc',1396474036,1396474036,0),(461,3,455,1,'ccccccccccc',1396474036,1396474036,0),(462,3,456,1,'ccccccccccc',1396474036,1396474036,0),(463,3,457,1,'ccccccccccc',1396474036,1396474036,0),(464,3,458,1,'ccccccccccc',1396474036,1396474036,0),(465,3,459,1,'ccccccccccc',1396474036,1396474036,0),(466,3,460,1,'ccccccccccc',1396474037,1396474037,0),(467,3,461,1,'ccccccccccc',1396474037,1396474037,0),(468,3,462,1,'ccccccccccc',1396474037,1396474037,0),(469,3,463,1,'ccccccccccc',1396474037,1396474037,0),(470,3,464,1,'ccccccccccc',1396474037,1396474037,0),(471,3,465,1,'ccccccccccc',1396474037,1396474037,0),(472,3,466,1,'ccccccccccc',1396474037,1396474037,0),(473,3,467,1,'ccccccccccc',1396474037,1396474037,0),(474,3,468,1,'ccccccccccc',1396474037,1396474037,0),(475,3,469,1,'ccccccccccc',1396474037,1396474037,0),(476,3,470,1,'ccccccccccc',1396474038,1396474038,0),(477,3,471,1,'ccccccccccc',1396474038,1396474038,0),(478,3,472,1,'ccccccccccc',1396474038,1396474038,0),(479,3,473,1,'ccccccccccc',1396474038,1396474038,0),(480,3,474,1,'ccccccccccc',1396474038,1396474038,0),(481,3,475,1,'ccccccccccc',1396474038,1396474038,0),(482,3,476,1,'ccccccccccc',1396474038,1396474038,0),(483,3,477,1,'ccccccccccc',1396474038,1396474038,0),(484,3,478,1,'ccccccccccc',1396474038,1396474038,0),(485,3,479,1,'ccccccccccc',1396474039,1396474039,0),(486,3,480,1,'ccccccccccc',1396474039,1396474039,0),(487,3,481,1,'ccccccccccc',1396474039,1396474039,0),(488,3,482,1,'ccccccccccc',1396474039,1396474039,0),(489,3,483,1,'ccccccccccc',1396474039,1396474039,0),(490,3,484,1,'ccccccccccc',1396474039,1396474039,0),(491,3,485,1,'ccccccccccc',1396474039,1396474039,0),(492,3,486,1,'ccccccccccc',1396474039,1396474039,0),(493,3,487,1,'ccccccccccc',1396474040,1396474040,0),(494,3,488,1,'ccccccccccc',1396474040,1396474040,0),(495,3,489,1,'ccccccccccc',1396474040,1396474040,0),(496,3,490,1,'ccccccccccc',1396474040,1396474040,0),(497,3,491,1,'ccccccccccc',1396474040,1396474040,0),(498,3,492,1,'ccccccccccc',1396474040,1396474040,0),(499,3,493,1,'ccccccccccc',1396474040,1396474040,0),(500,3,494,1,'ccccccccccc',1396474040,1396474040,0),(501,3,495,1,'ccccccccccc',1396474040,1396474040,0),(502,3,496,1,'ccccccccccc',1396474041,1396474041,0),(503,3,497,1,'ccccccccccc',1396474041,1396474041,0),(504,3,498,1,'ccccccccccc',1396474041,1396474041,0),(505,3,499,1,'ccccccccccc',1396474041,1396474041,0),(506,3,500,1,'ccccccccccc',1396474041,1396474041,0),(507,3,501,1,'ccccccccccc',1396474041,1396474041,0),(508,3,502,1,'ccccccccccc',1396474041,1396474041,0),(509,3,503,1,'ccccccccccc',1396474041,1396474041,0),(510,3,504,1,'ccccccccccc',1396474042,1396474042,0),(511,3,505,1,'ccccccccccc',1396474042,1396474042,0),(512,3,506,1,'ccccccccccc',1396474042,1396474042,0),(513,3,507,1,'ccccccccccc',1396474042,1396474042,0),(514,3,508,1,'ccccccccccc',1396474042,1396474042,0),(515,3,509,1,'ccccccccccc',1396474042,1396474042,0),(516,3,510,1,'ccccccccccc',1396474042,1396474042,0),(517,3,511,1,'ccccccccccc',1396474042,1396474042,0),(518,3,512,1,'ccccccccccc',1396474043,1396474043,0),(519,3,513,1,'ccccccccccc',1396474043,1396474043,0),(520,3,514,1,'ccccccccccc',1396474043,1396474043,0),(521,3,515,1,'ccccccccccc',1396474043,1396474043,0),(522,3,516,1,'ccccccccccc',1396474043,1396474043,0),(523,3,517,1,'ccccccccccc',1396474043,1396474043,0),(524,3,518,1,'ccccccccccc',1396474043,1396474043,0),(525,3,519,1,'ccccccccccc',1396474043,1396474043,0),(526,3,520,1,'ccccccccccc',1396474044,1396474044,0),(527,3,521,1,'ccccccccccc',1396474044,1396474044,0),(528,3,522,1,'ccccccccccc',1396474044,1396474044,0),(529,3,523,1,'ccccccccccc',1396474044,1396474044,0),(530,3,524,1,'ccccccccccc',1396474044,1396474044,0),(531,3,525,1,'ccccccccccc',1396474044,1396474044,0),(532,3,526,1,'ccccccccccc',1396474077,1396474077,0),(533,3,527,1,'ccccccccccc',1396474077,1396474077,0),(534,3,528,1,'ccccccccccc',1396474077,1396474077,0),(535,3,529,1,'ccccccccccc',1396474077,1396474077,0),(536,3,530,1,'ccccccccccc',1396474077,1396474077,0),(537,3,531,1,'ccccccccccc',1396474077,1396474077,0),(538,3,532,1,'ccccccccccc',1396474077,1396474077,0),(539,3,533,1,'ccccccccccc',1396474077,1396474077,0),(540,3,534,1,'ccccccccccc',1396474077,1396474077,0),(541,3,535,1,'ccccccccccc',1396474077,1396474077,0),(542,3,536,1,'ccccccccccc',1396474077,1396474077,0),(543,3,537,1,'ccccccccccc',1396474077,1396474077,0),(544,3,538,1,'ccccccccccc',1396474077,1396474077,0),(545,3,539,1,'ccccccccccc',1396474077,1396474077,0),(546,3,540,1,'ccccccccccc',1396474077,1396474077,0),(547,3,541,1,'ccccccccccc',1396474077,1396474077,0),(548,3,542,1,'ccccccccccc',1396474077,1396474077,0),(549,3,543,1,'ccccccccccc',1396474077,1396474077,0),(550,3,544,1,'ccccccccccc',1396474077,1396474077,0),(551,3,545,1,'ccccccccccc',1396474077,1396474077,0),(552,3,546,1,'ccccccccccc',1396474077,1396474077,0),(553,3,547,1,'ccccccccccc',1396474077,1396474077,0),(554,3,548,1,'ccccccccccc',1396474077,1396474077,0),(555,3,549,1,'ccccccccccc',1396474077,1396474077,0),(556,3,550,1,'ccccccccccc',1396474077,1396474077,0),(557,3,551,1,'ccccccccccc',1396474077,1396474077,0),(558,3,552,1,'ccccccccccc',1396474077,1396474077,0),(559,3,553,1,'ccccccccccc',1396474078,1396474078,0),(560,3,554,1,'ccccccccccc',1396474078,1396474078,0),(561,3,555,1,'ccccccccccc',1396474078,1396474078,0),(562,3,556,1,'ccccccccccc',1396474078,1396474078,0),(563,3,557,1,'ccccccccccc',1396474078,1396474078,0),(564,3,558,1,'ccccccccccc',1396474078,1396474078,0),(565,3,559,1,'ccccccccccc',1396474078,1396474078,0),(566,3,560,1,'ccccccccccc',1396474078,1396474078,0),(567,3,561,1,'ccccccccccc',1396474078,1396474078,0),(568,3,562,1,'ccccccccccc',1396474078,1396474078,0),(569,3,563,1,'ccccccccccc',1396474078,1396474078,0),(570,3,564,1,'ccccccccccc',1396474078,1396474078,0),(571,3,565,1,'ccccccccccc',1396474078,1396474078,0),(572,3,566,1,'ccccccccccc',1396474078,1396474078,0),(573,3,567,1,'ccccccccccc',1396474078,1396474078,0),(574,3,568,1,'ccccccccccc',1396474078,1396474078,0),(575,3,569,1,'ccccccccccc',1396474078,1396474078,0),(576,3,570,1,'ccccccccccc',1396474078,1396474078,0),(577,3,571,1,'ccccccccccc',1396474078,1396474078,0),(578,3,572,1,'ccccccccccc',1396474078,1396474078,0),(579,3,573,1,'ccccccccccc',1396474078,1396474078,0),(580,3,574,1,'ccccccccccc',1396474078,1396474078,0),(581,3,575,1,'ccccccccccc',1396474078,1396474078,0),(582,3,576,1,'ccccccccccc',1396474078,1396474078,0),(583,3,577,1,'ccccccccccc',1396474078,1396474078,0),(584,3,578,1,'ccccccccccc',1396474078,1396474078,0),(585,3,579,1,'ccccccccccc',1396474078,1396474078,0),(586,3,580,1,'ccccccccccc',1396474078,1396474078,0),(587,3,581,1,'ccccccccccc',1396474078,1396474078,0),(588,3,582,1,'ccccccccccc',1396474078,1396474078,0),(589,3,583,1,'ccccccccccc',1396474078,1396474078,0),(590,3,584,1,'ccccccccccc',1396474078,1396474078,0),(591,3,585,1,'ccccccccccc',1396474078,1396474078,0),(592,3,586,1,'ccccccccccc',1396474078,1396474078,0),(593,3,587,1,'ccccccccccc',1396474078,1396474078,0),(594,3,588,1,'ccccccccccc',1396474078,1396474078,0),(595,3,589,1,'ccccccccccc',1396474079,1396474079,0),(596,3,590,1,'ccccccccccc',1396474079,1396474079,0),(597,3,591,1,'ccccccccccc',1396474079,1396474079,0),(598,3,592,1,'ccccccccccc',1396474079,1396474079,0),(599,3,593,1,'ccccccccccc',1396474079,1396474079,0),(600,3,594,1,'ccccccccccc',1396474079,1396474079,0),(601,3,595,1,'ccccccccccc',1396474079,1396474079,0),(602,3,596,1,'ccccccccccc',1396474079,1396474079,0),(603,3,597,1,'ccccccccccc',1396474079,1396474079,0),(604,3,598,1,'ccccccccccc',1396474079,1396474079,0),(605,3,599,1,'ccccccccccc',1396474079,1396474079,0),(606,3,600,1,'ccccccccccc',1396474079,1396474079,0),(607,3,601,1,'ccccccccccc',1396474079,1396474079,0),(608,3,602,1,'ccccccccccc',1396474079,1396474079,0),(609,3,603,1,'ccccccccccc',1396474079,1396474079,0),(610,3,604,1,'ccccccccccc',1396474079,1396474079,0),(611,3,605,1,'ccccccccccc',1396474079,1396474079,0),(612,3,606,1,'ccccccccccc',1396474079,1396474079,0),(613,3,607,1,'ccccccccccc',1396474079,1396474079,0),(614,3,608,1,'ccccccccccc',1396474079,1396474079,0),(615,3,609,1,'ccccccccccc',1396474079,1396474079,0),(616,3,610,1,'ccccccccccc',1396474079,1396474079,0),(617,3,611,1,'ccccccccccc',1396474079,1396474079,0),(618,3,612,1,'ccccccccccc',1396474079,1396474079,0),(619,3,613,1,'ccccccccccc',1396474079,1396474079,0),(620,3,614,1,'ccccccccccc',1396474080,1396474080,0),(621,3,615,1,'ccccccccccc',1396474080,1396474080,0),(622,3,616,1,'ccccccccccc',1396474080,1396474080,0),(623,3,617,1,'ccccccccccc',1396474080,1396474080,0),(624,3,618,1,'ccccccccccc',1396474080,1396474080,0),(625,3,619,1,'ccccccccccc',1396474080,1396474080,0),(626,3,620,1,'ccccccccccc',1396474080,1396474080,0),(627,3,621,1,'ccccccccccc',1396474080,1396474080,0),(628,3,622,1,'ccccccccccc',1396474080,1396474080,0),(629,3,623,1,'ccccccccccc',1396474080,1396474080,0),(630,3,624,1,'ccccccccccc',1396474080,1396474080,0),(631,3,625,1,'ccccccccccc',1396474080,1396474080,0),(632,3,626,1,'ccccccccccc',1396474080,1396474080,0),(633,3,627,1,'ccccccccccc',1396474080,1396474080,0),(634,3,628,1,'ccccccccccc',1396474080,1396474080,0),(635,3,629,1,'ccccccccccc',1396474080,1396474080,0),(636,3,630,1,'ccccccccccc',1396474080,1396474080,0),(637,3,631,1,'ccccccccccc',1396474080,1396474080,0),(638,3,632,1,'ccccccccccc',1396474080,1396474080,0),(639,3,633,1,'ccccccccccc',1396474080,1396474080,0),(640,3,634,1,'ccccccccccc',1396474080,1396474080,0),(641,3,635,1,'ccccccccccc',1396474081,1396474081,0),(642,3,636,1,'ccccccccccc',1396474081,1396474081,0),(643,3,637,1,'ccccccccccc',1396474081,1396474081,0),(644,3,638,1,'ccccccccccc',1396474081,1396474081,0),(645,3,639,1,'ccccccccccc',1396474081,1396474081,0),(646,3,640,1,'ccccccccccc',1396474081,1396474081,0),(647,3,641,1,'ccccccccccc',1396474081,1396474081,0),(648,3,642,1,'ccccccccccc',1396474081,1396474081,0),(649,3,643,1,'ccccccccccc',1396474081,1396474081,0),(650,3,644,1,'ccccccccccc',1396474081,1396474081,0),(651,3,645,1,'ccccccccccc',1396474081,1396474081,0),(652,3,646,1,'ccccccccccc',1396474081,1396474081,0),(653,3,647,1,'ccccccccccc',1396474081,1396474081,0),(654,3,648,1,'ccccccccccc',1396474081,1396474081,0),(655,3,649,1,'ccccccccccc',1396474081,1396474081,0),(656,3,650,1,'ccccccccccc',1396474081,1396474081,0),(657,3,651,1,'ccccccccccc',1396474081,1396474081,0),(658,3,652,1,'ccccccccccc',1396474081,1396474081,0),(659,3,653,1,'ccccccccccc',1396474082,1396474082,0),(660,3,654,1,'ccccccccccc',1396474082,1396474082,0),(661,3,655,1,'ccccccccccc',1396474082,1396474082,0),(662,3,656,1,'ccccccccccc',1396474082,1396474082,0),(663,3,657,1,'ccccccccccc',1396474082,1396474082,0),(664,3,658,1,'ccccccccccc',1396474082,1396474082,0),(665,3,659,1,'ccccccccccc',1396474082,1396474082,0),(666,3,660,1,'ccccccccccc',1396474082,1396474082,0),(667,3,661,1,'ccccccccccc',1396474082,1396474082,0),(668,3,662,1,'ccccccccccc',1396474082,1396474082,0),(669,3,663,1,'ccccccccccc',1396474082,1396474082,0),(670,3,664,1,'ccccccccccc',1396474082,1396474082,0),(671,3,665,1,'ccccccccccc',1396474082,1396474082,0),(672,3,666,1,'ccccccccccc',1396474082,1396474082,0),(673,3,667,1,'ccccccccccc',1396474082,1396474082,0),(674,3,668,1,'ccccccccccc',1396474082,1396474082,0),(675,3,669,1,'ccccccccccc',1396474083,1396474083,0),(676,3,670,1,'ccccccccccc',1396474083,1396474083,0),(677,3,671,1,'ccccccccccc',1396474083,1396474083,0),(678,3,672,1,'ccccccccccc',1396474083,1396474083,0),(679,3,673,1,'ccccccccccc',1396474083,1396474083,0),(680,3,674,1,'ccccccccccc',1396474083,1396474083,0),(681,3,675,1,'ccccccccccc',1396474083,1396474083,0),(682,3,676,1,'ccccccccccc',1396474083,1396474083,0),(683,3,677,1,'ccccccccccc',1396474083,1396474083,0),(684,3,678,1,'ccccccccccc',1396474083,1396474083,0),(685,3,679,1,'ccccccccccc',1396474083,1396474083,0),(686,3,680,1,'ccccccccccc',1396474083,1396474083,0),(687,3,681,1,'ccccccccccc',1396474083,1396474083,0),(688,3,682,1,'ccccccccccc',1396474083,1396474083,0),(689,3,683,1,'ccccccccccc',1396474084,1396474084,0),(690,3,684,1,'ccccccccccc',1396474084,1396474084,0),(691,3,685,1,'ccccccccccc',1396474084,1396474084,0),(692,3,686,1,'ccccccccccc',1396474084,1396474084,0),(693,3,687,1,'ccccccccccc',1396474084,1396474084,0),(694,3,688,1,'ccccccccccc',1396474084,1396474084,0),(695,3,689,1,'ccccccccccc',1396474084,1396474084,0),(696,3,690,1,'ccccccccccc',1396474084,1396474084,0),(697,3,691,1,'ccccccccccc',1396474084,1396474084,0),(698,3,692,1,'ccccccccccc',1396474084,1396474084,0),(699,3,693,1,'ccccccccccc',1396474084,1396474084,0),(700,3,694,1,'ccccccccccc',1396474084,1396474084,0),(701,3,695,1,'ccccccccccc',1396474084,1396474084,0),(702,3,696,1,'ccccccccccc',1396474085,1396474085,0),(703,3,697,1,'ccccccccccc',1396474085,1396474085,0),(704,3,698,1,'ccccccccccc',1396474085,1396474085,0),(705,3,699,1,'ccccccccccc',1396474085,1396474085,0),(706,3,700,1,'ccccccccccc',1396474085,1396474085,0),(707,3,701,1,'ccccccccccc',1396474085,1396474085,0),(708,3,702,1,'ccccccccccc',1396474085,1396474085,0),(709,3,703,1,'ccccccccccc',1396474085,1396474085,0),(710,3,704,1,'ccccccccccc',1396474085,1396474085,0),(711,3,705,1,'ccccccccccc',1396474085,1396474085,0),(712,3,706,1,'ccccccccccc',1396474085,1396474085,0),(713,3,707,1,'ccccccccccc',1396474085,1396474085,0),(714,3,708,1,'ccccccccccc',1396474086,1396474086,0),(715,3,709,1,'ccccccccccc',1396474086,1396474086,0),(716,3,710,1,'ccccccccccc',1396474086,1396474086,0),(717,3,711,1,'ccccccccccc',1396474086,1396474086,0),(718,3,712,1,'ccccccccccc',1396474086,1396474086,0),(719,3,713,1,'ccccccccccc',1396474086,1396474086,0),(720,3,714,1,'ccccccccccc',1396474086,1396474086,0),(721,3,715,1,'ccccccccccc',1396474086,1396474086,0),(722,3,716,1,'ccccccccccc',1396474086,1396474086,0),(723,3,717,1,'ccccccccccc',1396474086,1396474086,0),(724,3,718,1,'ccccccccccc',1396474086,1396474086,0),(725,3,719,1,'ccccccccccc',1396474086,1396474086,0),(726,3,720,1,'ccccccccccc',1396474087,1396474087,0),(727,3,721,1,'ccccccccccc',1396474087,1396474087,0),(728,3,722,1,'ccccccccccc',1396474087,1396474087,0),(729,3,723,1,'ccccccccccc',1396474087,1396474087,0),(730,3,724,1,'ccccccccccc',1396474087,1396474087,0),(731,3,725,1,'ccccccccccc',1396474087,1396474087,0),(732,3,726,1,'ccccccccccc',1396474087,1396474087,0),(733,3,727,1,'ccccccccccc',1396474087,1396474087,0),(734,3,728,1,'ccccccccccc',1396474087,1396474087,0),(735,3,729,1,'ccccccccccc',1396474087,1396474087,0),(736,3,730,1,'ccccccccccc',1396474087,1396474087,0),(737,3,731,1,'ccccccccccc',1396474088,1396474088,0),(738,3,732,1,'ccccccccccc',1396474088,1396474088,0),(739,3,733,1,'ccccccccccc',1396474088,1396474088,0),(740,3,734,1,'ccccccccccc',1396474088,1396474088,0),(741,3,735,1,'ccccccccccc',1396474088,1396474088,0),(742,3,736,1,'ccccccccccc',1396474088,1396474088,0),(743,3,737,1,'ccccccccccc',1396474088,1396474088,0),(744,3,738,1,'ccccccccccc',1396474088,1396474088,0),(745,3,739,1,'ccccccccccc',1396474088,1396474088,0),(746,3,740,1,'ccccccccccc',1396474088,1396474088,0),(747,3,741,1,'ccccccccccc',1396474088,1396474088,0),(748,3,742,1,'ccccccccccc',1396474089,1396474089,0),(749,3,743,1,'ccccccccccc',1396474089,1396474089,0),(750,3,744,1,'ccccccccccc',1396474089,1396474089,0),(751,3,745,1,'ccccccccccc',1396474089,1396474089,0),(752,3,746,1,'ccccccccccc',1396474089,1396474089,0),(753,3,747,1,'ccccccccccc',1396474089,1396474089,0),(754,3,748,1,'ccccccccccc',1396474089,1396474089,0),(755,3,749,1,'ccccccccccc',1396474089,1396474089,0),(756,3,750,1,'ccccccccccc',1396474089,1396474089,0),(757,3,751,1,'ccccccccccc',1396474089,1396474089,0),(758,3,752,1,'ccccccccccc',1396474090,1396474090,0),(759,3,753,1,'ccccccccccc',1396474090,1396474090,0),(760,3,754,1,'ccccccccccc',1396474090,1396474090,0),(761,3,755,1,'ccccccccccc',1396474090,1396474090,0),(762,3,756,1,'ccccccccccc',1396474090,1396474090,0),(763,3,757,1,'ccccccccccc',1396474090,1396474090,0),(764,3,758,1,'ccccccccccc',1396474090,1396474090,0),(765,3,759,1,'ccccccccccc',1396474090,1396474090,0),(766,3,760,1,'ccccccccccc',1396474090,1396474090,0),(767,3,761,1,'ccccccccccc',1396474090,1396474090,0),(768,3,762,1,'ccccccccccc',1396474091,1396474091,0),(769,3,763,1,'ccccccccccc',1396474091,1396474091,0),(770,3,764,1,'ccccccccccc',1396474091,1396474091,0),(771,3,765,1,'ccccccccccc',1396474091,1396474091,0),(772,3,766,1,'ccccccccccc',1396474091,1396474091,0),(773,3,767,1,'ccccccccccc',1396474091,1396474091,0),(774,3,768,1,'ccccccccccc',1396474091,1396474091,0),(775,3,769,1,'ccccccccccc',1396474091,1396474091,0),(776,3,770,1,'ccccccccccc',1396474091,1396474091,0),(777,3,771,1,'ccccccccccc',1396474092,1396474092,0),(778,3,772,1,'ccccccccccc',1396474092,1396474092,0),(779,3,773,1,'ccccccccccc',1396474092,1396474092,0),(780,3,774,1,'ccccccccccc',1396474092,1396474092,0),(781,3,775,1,'ccccccccccc',1396474092,1396474092,0),(782,3,776,1,'ccccccccccc',1396474092,1396474092,0),(783,3,777,1,'ccccccccccc',1396474092,1396474092,0),(784,3,778,1,'ccccccccccc',1396474092,1396474092,0),(785,3,779,1,'ccccccccccc',1396474092,1396474092,0),(786,3,780,1,'ccccccccccc',1396474093,1396474093,0),(787,3,781,1,'ccccccccccc',1396474093,1396474093,0),(788,3,782,1,'ccccccccccc',1396474093,1396474093,0),(789,3,783,1,'ccccccccccc',1396474093,1396474093,0),(790,3,784,1,'ccccccccccc',1396474093,1396474093,0),(791,3,785,1,'ccccccccccc',1396474093,1396474093,0),(792,3,786,1,'ccccccccccc',1396474093,1396474093,0),(793,3,787,1,'ccccccccccc',1396474093,1396474093,0),(794,3,788,1,'ccccccccccc',1396474093,1396474093,0),(795,3,789,1,'ccccccccccc',1396474094,1396474094,0),(796,3,790,1,'ccccccccccc',1396474094,1396474094,0),(797,3,791,1,'ccccccccccc',1396474094,1396474094,0),(798,3,792,1,'ccccccccccc',1396474094,1396474094,0),(799,3,793,1,'ccccccccccc',1396474094,1396474094,0),(800,3,794,1,'ccccccccccc',1396474094,1396474094,0),(801,3,795,1,'ccccccccccc',1396474094,1396474094,0),(802,3,796,1,'ccccccccccc',1396474094,1396474094,0),(803,3,797,1,'ccccccccccc',1396474094,1396474094,0),(804,3,798,1,'ccccccccccc',1396474095,1396474095,0),(805,3,799,1,'ccccccccccc',1396474095,1396474095,0),(806,3,800,1,'ccccccccccc',1396474095,1396474095,0),(807,3,801,1,'ccccccccccc',1396474095,1396474095,0),(808,3,802,1,'ccccccccccc',1396474095,1396474095,0),(809,3,803,1,'ccccccccccc',1396474095,1396474095,0),(810,3,804,1,'ccccccccccc',1396474095,1396474095,0),(811,3,805,1,'ccccccccccc',1396474095,1396474095,0),(812,3,806,1,'ccccccccccc',1396474096,1396474096,0),(813,3,807,1,'ccccccccccc',1396474096,1396474096,0),(814,3,808,1,'ccccccccccc',1396474096,1396474096,0),(815,3,809,1,'ccccccccccc',1396474096,1396474096,0),(816,3,810,1,'ccccccccccc',1396474096,1396474096,0),(817,3,811,1,'ccccccccccc',1396474096,1396474096,0),(818,3,812,1,'ccccccccccc',1396474096,1396474096,0),(819,3,813,1,'ccccccccccc',1396474096,1396474096,0),(820,3,814,1,'ccccccccccc',1396474097,1396474097,0),(821,3,815,1,'ccccccccccc',1396474097,1396474097,0),(822,3,816,1,'ccccccccccc',1396474097,1396474097,0),(823,3,817,1,'ccccccccccc',1396474097,1396474097,0),(824,3,818,1,'ccccccccccc',1396474097,1396474097,0),(825,3,819,1,'ccccccccccc',1396474097,1396474097,0),(826,3,820,1,'ccccccccccc',1396474097,1396474097,0),(827,3,821,1,'ccccccccccc',1396474097,1396474097,0),(828,3,822,1,'ccccccccccc',1396474098,1396474098,0),(829,3,823,1,'ccccccccccc',1396474098,1396474098,0),(830,3,824,1,'ccccccccccc',1396474098,1396474098,0),(831,3,825,1,'ccccccccccc',1396474098,1396474098,0),(832,3,826,1,'ccccccccccc',1396474184,1396474184,0),(833,3,827,1,'ccccccccccc',1396474184,1396474184,0),(834,3,828,1,'ccccccccccc',1396474184,1396474184,0),(835,3,829,1,'ccccccccccc',1396474184,1396474184,0),(836,3,830,1,'ccccccccccc',1396474184,1396474184,0),(837,3,831,1,'ccccccccccc',1396474184,1396474184,0),(838,3,832,1,'ccccccccccc',1396474184,1396474184,0),(839,3,833,1,'ccccccccccc',1396474184,1396474184,0),(840,3,834,1,'ccccccccccc',1396474185,1396474185,0),(841,3,835,1,'ccccccccccc',1396474185,1396474185,0),(842,3,836,1,'ccccccccccc',1396474185,1396474185,0),(843,3,837,1,'ccccccccccc',1396474185,1396474185,0),(844,3,838,1,'ccccccccccc',1396474185,1396474185,0),(845,3,839,1,'ccccccccccc',1396474185,1396474185,0),(846,3,840,1,'ccccccccccc',1396474185,1396474185,0),(847,3,841,1,'ccccccccccc',1396474185,1396474185,0),(848,3,842,1,'ccccccccccc',1396474185,1396474185,0),(849,3,843,1,'ccccccccccc',1396474185,1396474185,0),(850,3,844,1,'ccccccccccc',1396474185,1396474185,0),(851,3,845,1,'ccccccccccc',1396474185,1396474185,0),(852,3,846,1,'ccccccccccc',1396474185,1396474185,0),(853,3,847,1,'ccccccccccc',1396474185,1396474185,0),(854,3,848,1,'ccccccccccc',1396474185,1396474185,0),(855,3,849,1,'ccccccccccc',1396474185,1396474185,0),(856,3,850,1,'ccccccccccc',1396474185,1396474185,0),(857,3,851,1,'ccccccccccc',1396474185,1396474185,0),(858,3,852,1,'ccccccccccc',1396474185,1396474185,0),(859,3,853,1,'ccccccccccc',1396474185,1396474185,0),(860,3,854,1,'ccccccccccc',1396474185,1396474185,0),(861,3,855,1,'ccccccccccc',1396474185,1396474185,0),(862,3,856,1,'ccccccccccc',1396474185,1396474185,0),(863,3,857,1,'ccccccccccc',1396474185,1396474185,0),(864,3,858,1,'ccccccccccc',1396474185,1396474185,0),(865,3,859,1,'ccccccccccc',1396474185,1396474185,0),(866,3,860,1,'ccccccccccc',1396474185,1396474185,0),(867,3,861,1,'ccccccccccc',1396474185,1396474185,0),(868,3,862,1,'ccccccccccc',1396474185,1396474185,0),(869,3,863,1,'ccccccccccc',1396474185,1396474185,0),(870,3,864,1,'ccccccccccc',1396474185,1396474185,0),(871,3,865,1,'ccccccccccc',1396474185,1396474185,0),(872,3,866,1,'ccccccccccc',1396474185,1396474185,0),(873,3,867,1,'ccccccccccc',1396474185,1396474185,0),(874,3,868,1,'ccccccccccc',1396474185,1396474185,0),(875,3,869,1,'ccccccccccc',1396474185,1396474185,0),(876,3,870,1,'ccccccccccc',1396474185,1396474185,0),(877,3,871,1,'ccccccccccc',1396474185,1396474185,0),(878,3,872,1,'ccccccccccc',1396474185,1396474185,0),(879,3,873,1,'ccccccccccc',1396474185,1396474185,0),(880,3,874,1,'ccccccccccc',1396474185,1396474185,0),(881,3,875,1,'ccccccccccc',1396474185,1396474185,0),(882,3,876,1,'ccccccccccc',1396474185,1396474185,0),(883,3,877,1,'ccccccccccc',1396474185,1396474185,0),(884,3,878,1,'ccccccccccc',1396474185,1396474185,0),(885,3,879,1,'ccccccccccc',1396474185,1396474185,0),(886,3,880,1,'ccccccccccc',1396474186,1396474186,0),(887,3,881,1,'ccccccccccc',1396474186,1396474186,0),(888,3,882,1,'ccccccccccc',1396474186,1396474186,0),(889,3,883,1,'ccccccccccc',1396474186,1396474186,0),(890,3,884,1,'ccccccccccc',1396474186,1396474186,0),(891,3,885,1,'ccccccccccc',1396474186,1396474186,0),(892,3,886,1,'ccccccccccc',1396474186,1396474186,0),(893,3,887,1,'ccccccccccc',1396474186,1396474186,0),(894,3,888,1,'ccccccccccc',1396474186,1396474186,0),(895,3,889,1,'ccccccccccc',1396474186,1396474186,0),(896,3,890,1,'ccccccccccc',1396474186,1396474186,0),(897,3,891,1,'ccccccccccc',1396474186,1396474186,0),(898,3,892,1,'ccccccccccc',1396474186,1396474186,0),(899,3,893,1,'ccccccccccc',1396474186,1396474186,0),(900,3,894,1,'ccccccccccc',1396474186,1396474186,0),(901,3,895,1,'ccccccccccc',1396474186,1396474186,0),(902,3,896,1,'ccccccccccc',1396474186,1396474186,0),(903,3,897,1,'ccccccccccc',1396474186,1396474186,0),(904,3,898,1,'ccccccccccc',1396474186,1396474186,0),(905,3,899,1,'ccccccccccc',1396474186,1396474186,0),(906,3,900,1,'ccccccccccc',1396474186,1396474186,0),(907,3,901,1,'ccccccccccc',1396474186,1396474186,0),(908,3,902,1,'ccccccccccc',1396474186,1396474186,0),(909,3,903,1,'ccccccccccc',1396474186,1396474186,0),(910,3,904,1,'ccccccccccc',1396474186,1396474186,0),(911,3,905,1,'ccccccccccc',1396474186,1396474186,0),(912,3,906,1,'ccccccccccc',1396474186,1396474186,0),(913,3,907,1,'ccccccccccc',1396474187,1396474187,0),(914,3,908,1,'ccccccccccc',1396474187,1396474187,0),(915,3,909,1,'ccccccccccc',1396474187,1396474187,0),(916,3,910,1,'ccccccccccc',1396474187,1396474187,0),(917,3,911,1,'ccccccccccc',1396474187,1396474187,0),(918,3,912,1,'ccccccccccc',1396474187,1396474187,0),(919,3,913,1,'ccccccccccc',1396474187,1396474187,0),(920,3,914,1,'ccccccccccc',1396474187,1396474187,0),(921,3,915,1,'ccccccccccc',1396474187,1396474187,0),(922,3,916,1,'ccccccccccc',1396474187,1396474187,0),(923,3,917,1,'ccccccccccc',1396474187,1396474187,0),(924,3,918,1,'ccccccccccc',1396474187,1396474187,0),(925,3,919,1,'ccccccccccc',1396474187,1396474187,0),(926,3,920,1,'ccccccccccc',1396474187,1396474187,0),(927,3,921,1,'ccccccccccc',1396474187,1396474187,0),(928,3,922,1,'ccccccccccc',1396474187,1396474187,0),(929,3,923,1,'ccccccccccc',1396474187,1396474187,0),(930,3,924,1,'ccccccccccc',1396474187,1396474187,0),(931,3,925,1,'ccccccccccc',1396474187,1396474187,0),(932,3,926,1,'ccccccccccc',1396474187,1396474187,0),(933,3,927,1,'ccccccccccc',1396474187,1396474187,0),(934,3,928,1,'ccccccccccc',1396474188,1396474188,0),(935,3,929,1,'ccccccccccc',1396474188,1396474188,0),(936,3,930,1,'ccccccccccc',1396474188,1396474188,0),(937,3,931,1,'ccccccccccc',1396474188,1396474188,0),(938,3,932,1,'ccccccccccc',1396474188,1396474188,0),(939,3,933,1,'ccccccccccc',1396474188,1396474188,0),(940,3,934,1,'ccccccccccc',1396474188,1396474188,0),(941,3,935,1,'ccccccccccc',1396474188,1396474188,0),(942,3,936,1,'ccccccccccc',1396474188,1396474188,0),(943,3,937,1,'ccccccccccc',1396474188,1396474188,0),(944,3,938,1,'ccccccccccc',1396474188,1396474188,0),(945,3,939,1,'ccccccccccc',1396474188,1396474188,0),(946,3,940,1,'ccccccccccc',1396474188,1396474188,0),(947,3,941,1,'ccccccccccc',1396474188,1396474188,0),(948,3,942,1,'ccccccccccc',1396474188,1396474188,0),(949,3,943,1,'ccccccccccc',1396474188,1396474188,0),(950,3,944,1,'ccccccccccc',1396474188,1396474188,0),(951,3,945,1,'ccccccccccc',1396474188,1396474188,0),(952,3,946,1,'ccccccccccc',1396474189,1396474189,0),(953,3,947,1,'ccccccccccc',1396474189,1396474189,0),(954,3,948,1,'ccccccccccc',1396474189,1396474189,0),(955,3,949,1,'ccccccccccc',1396474189,1396474189,0),(956,3,950,1,'ccccccccccc',1396474189,1396474189,0),(957,3,951,1,'ccccccccccc',1396474189,1396474189,0),(958,3,952,1,'ccccccccccc',1396474189,1396474189,0),(959,3,953,1,'ccccccccccc',1396474189,1396474189,0),(960,3,954,1,'ccccccccccc',1396474189,1396474189,0),(961,3,955,1,'ccccccccccc',1396474189,1396474189,0),(962,3,956,1,'ccccccccccc',1396474190,1396474190,0),(963,3,957,1,'ccccccccccc',1396474190,1396474190,0),(964,3,958,1,'ccccccccccc',1396474190,1396474190,0),(965,3,959,1,'ccccccccccc',1396474190,1396474190,0),(966,3,960,1,'ccccccccccc',1396474190,1396474190,0),(967,3,961,1,'ccccccccccc',1396474190,1396474190,0),(968,3,962,1,'ccccccccccc',1396474190,1396474190,0),(969,3,963,1,'ccccccccccc',1396474190,1396474190,0),(970,3,964,1,'ccccccccccc',1396474190,1396474190,0),(971,3,965,1,'ccccccccccc',1396474190,1396474190,0),(972,3,966,1,'ccccccccccc',1396474190,1396474190,0),(973,3,967,1,'ccccccccccc',1396474190,1396474190,0),(974,3,968,1,'ccccccccccc',1396474190,1396474190,0),(975,3,969,1,'ccccccccccc',1396474190,1396474190,0),(976,3,970,1,'ccccccccccc',1396474191,1396474191,0),(977,3,971,1,'ccccccccccc',1396474191,1396474191,0),(978,3,972,1,'ccccccccccc',1396474191,1396474191,0),(979,3,973,1,'ccccccccccc',1396474191,1396474191,0),(980,3,974,1,'ccccccccccc',1396474191,1396474191,0),(981,3,975,1,'ccccccccccc',1396474191,1396474191,0),(982,3,976,1,'ccccccccccc',1396474191,1396474191,0),(983,3,977,1,'ccccccccccc',1396474191,1396474191,0),(984,3,978,1,'ccccccccccc',1396474191,1396474191,0),(985,3,979,1,'ccccccccccc',1396474191,1396474191,0),(986,3,980,1,'ccccccccccc',1396474191,1396474191,0),(987,3,981,1,'ccccccccccc',1396474191,1396474191,0),(988,3,982,1,'ccccccccccc',1396474191,1396474191,0),(989,3,983,1,'ccccccccccc',1396474191,1396474191,0),(990,3,984,1,'ccccccccccc',1396474192,1396474192,0),(991,3,985,1,'ccccccccccc',1396474192,1396474192,0),(992,3,986,1,'ccccccccccc',1396474192,1396474192,0),(993,3,987,1,'ccccccccccc',1396474192,1396474192,0),(994,3,988,1,'ccccccccccc',1396474192,1396474192,0),(995,3,989,1,'ccccccccccc',1396474192,1396474192,0),(996,3,990,1,'ccccccccccc',1396474192,1396474192,0),(997,3,991,1,'ccccccccccc',1396474192,1396474192,0),(998,3,992,1,'ccccccccccc',1396474192,1396474192,0),(999,3,993,1,'ccccccccccc',1396474192,1396474192,0),(1000,3,994,1,'ccccccccccc',1396474192,1396474192,0),(1001,3,995,1,'ccccccccccc',1396474192,1396474192,0),(1002,3,996,1,'ccccccccccc',1396474193,1396474193,0),(1003,3,997,1,'ccccccccccc',1396474193,1396474193,0),(1004,3,998,1,'ccccccccccc',1396474193,1396474193,0),(1005,3,999,1,'ccccccccccc',1396474193,1396474193,0),(1006,3,1000,1,'ccccccccccc',1396474193,1396474193,0),(1007,3,1001,1,'ccccccccccc',1396474193,1396474193,0),(1008,3,1002,1,'ccccccccccc',1396474193,1396474193,0),(1009,3,1003,1,'ccccccccccc',1396474193,1396474193,0),(1010,3,1004,1,'ccccccccccc',1396474193,1396474193,0),(1011,3,1005,1,'ccccccccccc',1396474193,1396474193,0),(1012,3,1006,1,'ccccccccccc',1396474193,1396474193,0),(1013,3,1007,1,'ccccccccccc',1396474193,1396474193,0),(1014,3,1008,1,'ccccccccccc',1396474193,1396474193,0),(1015,3,1009,1,'ccccccccccc',1396474194,1396474194,0),(1016,3,1010,1,'ccccccccccc',1396474194,1396474194,0),(1017,3,1011,1,'ccccccccccc',1396474194,1396474194,0),(1018,3,1012,1,'ccccccccccc',1396474194,1396474194,0),(1019,3,1013,1,'ccccccccccc',1396474194,1396474194,0),(1020,3,1014,1,'ccccccccccc',1396474194,1396474194,0),(1021,3,1015,1,'ccccccccccc',1396474194,1396474194,0),(1022,3,1016,1,'ccccccccccc',1396474194,1396474194,0),(1023,3,1017,1,'ccccccccccc',1396474194,1396474194,0),(1024,3,1018,1,'ccccccccccc',1396474194,1396474194,0),(1025,3,1019,1,'ccccccccccc',1396474194,1396474194,0),(1026,3,1020,1,'ccccccccccc',1396474195,1396474195,0),(1027,3,1021,1,'ccccccccccc',1396474195,1396474195,0),(1028,3,1022,1,'ccccccccccc',1396474195,1396474195,0),(1029,3,1023,1,'ccccccccccc',1396474195,1396474195,0),(1030,3,1024,1,'ccccccccccc',1396474195,1396474195,0),(1031,3,1025,1,'ccccccccccc',1396474195,1396474195,0),(1032,3,1026,1,'ccccccccccc',1396474195,1396474195,0),(1033,3,1027,1,'ccccccccccc',1396474195,1396474195,0),(1034,3,1028,1,'ccccccccccc',1396474195,1396474195,0),(1035,3,1029,1,'ccccccccccc',1396474195,1396474195,0),(1036,3,1030,1,'ccccccccccc',1396474195,1396474195,0),(1037,3,1031,1,'ccccccccccc',1396474196,1396474196,0),(1038,3,1032,1,'ccccccccccc',1396474196,1396474196,0),(1039,3,1033,1,'ccccccccccc',1396474196,1396474196,0),(1040,3,1034,1,'ccccccccccc',1396474196,1396474196,0),(1041,3,1035,1,'ccccccccccc',1396474196,1396474196,0),(1042,3,1036,1,'ccccccccccc',1396474196,1396474196,0),(1043,3,1037,1,'ccccccccccc',1396474196,1396474196,0),(1044,3,1038,1,'ccccccccccc',1396474196,1396474196,0),(1045,3,1039,1,'ccccccccccc',1396474196,1396474196,0),(1046,3,1040,1,'ccccccccccc',1396474196,1396474196,0),(1047,3,1041,1,'ccccccccccc',1396474196,1396474196,0),(1048,3,1042,1,'ccccccccccc',1396474197,1396474197,0),(1049,3,1043,1,'ccccccccccc',1396474197,1396474197,0),(1050,3,1044,1,'ccccccccccc',1396474197,1396474197,0),(1051,3,1045,1,'ccccccccccc',1396474197,1396474197,0),(1052,3,1046,1,'ccccccccccc',1396474197,1396474197,0),(1053,3,1047,1,'ccccccccccc',1396474197,1396474197,0),(1054,3,1048,1,'ccccccccccc',1396474197,1396474197,0),(1055,3,1049,1,'ccccccccccc',1396474197,1396474197,0),(1056,3,1050,1,'ccccccccccc',1396474197,1396474197,0),(1057,3,1051,1,'ccccccccccc',1396474197,1396474197,0),(1058,3,1052,1,'ccccccccccc',1396474198,1396474198,0),(1059,3,1053,1,'ccccccccccc',1396474198,1396474198,0),(1060,3,1054,1,'ccccccccccc',1396474198,1396474198,0),(1061,3,1055,1,'ccccccccccc',1396474198,1396474198,0),(1062,3,1056,1,'ccccccccccc',1396474198,1396474198,0),(1063,3,1057,1,'ccccccccccc',1396474198,1396474198,0),(1064,3,1058,1,'ccccccccccc',1396474198,1396474198,0),(1065,3,1059,1,'ccccccccccc',1396474198,1396474198,0),(1066,3,1060,1,'ccccccccccc',1396474198,1396474198,0),(1067,3,1061,1,'ccccccccccc',1396474198,1396474198,0),(1068,3,1062,1,'ccccccccccc',1396474199,1396474199,0),(1069,3,1063,1,'ccccccccccc',1396474199,1396474199,0),(1070,3,1064,1,'ccccccccccc',1396474199,1396474199,0),(1071,3,1065,1,'ccccccccccc',1396474199,1396474199,0),(1072,3,1066,1,'ccccccccccc',1396474199,1396474199,0),(1073,3,1067,1,'ccccccccccc',1396474199,1396474199,0),(1074,3,1068,1,'ccccccccccc',1396474199,1396474199,0),(1075,3,1069,1,'ccccccccccc',1396474199,1396474199,0),(1076,3,1070,1,'ccccccccccc',1396474199,1396474199,0),(1077,3,1071,1,'ccccccccccc',1396474200,1396474200,0),(1078,3,1072,1,'ccccccccccc',1396474200,1396474200,0),(1079,3,1073,1,'ccccccccccc',1396474200,1396474200,0),(1080,3,1074,1,'ccccccccccc',1396474200,1396474200,0),(1081,3,1075,1,'ccccccccccc',1396474200,1396474200,0),(1082,3,1076,1,'ccccccccccc',1396474200,1396474200,0),(1083,3,1077,1,'ccccccccccc',1396474200,1396474200,0),(1084,3,1078,1,'ccccccccccc',1396474200,1396474200,0),(1085,3,1079,1,'ccccccccccc',1396474200,1396474200,0),(1086,3,1080,1,'ccccccccccc',1396474201,1396474201,0),(1087,3,1081,1,'ccccccccccc',1396474201,1396474201,0),(1088,3,1082,1,'ccccccccccc',1396474201,1396474201,0),(1089,3,1083,1,'ccccccccccc',1396474201,1396474201,0),(1090,3,1084,1,'ccccccccccc',1396474201,1396474201,0),(1091,3,1085,1,'ccccccccccc',1396474201,1396474201,0),(1092,3,1086,1,'ccccccccccc',1396474201,1396474201,0),(1093,3,1087,1,'ccccccccccc',1396474201,1396474201,0),(1094,3,1088,1,'ccccccccccc',1396474202,1396474202,0),(1095,3,1089,1,'ccccccccccc',1396474202,1396474202,0),(1096,3,1090,1,'ccccccccccc',1396474202,1396474202,0),(1097,3,1091,1,'ccccccccccc',1396474202,1396474202,0),(1098,3,1092,1,'ccccccccccc',1396474202,1396474202,0),(1099,3,1093,1,'ccccccccccc',1396474202,1396474202,0),(1100,3,1094,1,'ccccccccccc',1396474202,1396474202,0),(1101,3,1095,1,'ccccccccccc',1396474202,1396474202,0),(1102,3,1096,1,'ccccccccccc',1396474202,1396474202,0),(1103,3,1097,1,'ccccccccccc',1396474203,1396474203,0),(1104,3,1098,1,'ccccccccccc',1396474203,1396474203,0),(1105,3,1099,1,'ccccccccccc',1396474203,1396474203,0),(1106,3,1100,1,'ccccccccccc',1396474203,1396474203,0),(1107,3,1101,1,'ccccccccccc',1396474203,1396474203,0),(1108,3,1102,1,'ccccccccccc',1396474203,1396474203,0),(1109,3,1103,1,'ccccccccccc',1396474203,1396474203,0),(1110,3,1104,1,'ccccccccccc',1396474203,1396474203,0),(1111,3,1105,1,'ccccccccccc',1396474204,1396474204,0),(1112,3,1106,1,'ccccccccccc',1396474204,1396474204,0),(1113,3,1107,1,'ccccccccccc',1396474204,1396474204,0),(1114,3,1108,1,'ccccccccccc',1396474204,1396474204,0),(1115,3,1109,1,'ccccccccccc',1396474204,1396474204,0),(1116,3,1110,1,'ccccccccccc',1396474204,1396474204,0),(1117,3,1111,1,'ccccccccccc',1396474204,1396474204,0),(1118,3,1112,1,'ccccccccccc',1396474204,1396474204,0),(1119,3,1113,1,'ccccccccccc',1396474205,1396474205,0),(1120,3,1114,1,'ccccccccccc',1396474205,1396474205,0),(1121,3,1115,1,'ccccccccccc',1396474205,1396474205,0),(1122,3,1116,1,'ccccccccccc',1396474205,1396474205,0),(1123,3,1117,1,'ccccccccccc',1396474205,1396474205,0),(1124,3,1118,1,'ccccccccccc',1396474205,1396474205,0),(1125,3,1119,1,'ccccccccccc',1396474205,1396474205,0),(1126,3,1120,1,'ccccccccccc',1396474205,1396474205,0),(1127,3,1121,1,'ccccccccccc',1396474206,1396474206,0),(1128,3,1122,1,'ccccccccccc',1396474206,1396474206,0),(1129,3,1123,1,'ccccccccccc',1396474206,1396474206,0),(1130,3,1124,1,'ccccccccccc',1396474206,1396474206,0),(1131,3,1125,1,'ccccccccccc',1396474206,1396474206,0),(1132,2,1126,1,'ttttttttttttttttttt',1396474946,1396474946,3),(1133,2,1127,1,'1111111111111111111111',1396476824,1396476824,1),(1134,3,1126,2,'4444444444444444444444',1396477966,1396477966,3),(1135,2,1128,1,'2222222222222222',1396486187,1396486187,1),(1136,4,1129,1,'222222222222222222',1396591382,1396591382,2),(1137,4,1129,2,'3333333333333333333',1396591455,1396591455,0),(1138,5,1130,1,'22222222222222222222',1396601183,1396601183,2);
/*!40000 ALTER TABLE `comment` ENABLE KEYS */;
UNLOCK TABLES;

--
-- Table structure for table `comment_track`
--

DROP TABLE IF EXISTS `comment_track`;
/*!40101 SET @saved_cs_client     = @@character_set_client */;
/*!40101 SET character_set_client = utf8 */;
CREATE TABLE `comment_track` (
  `user_id` int(10) unsigned NOT NULL,
  `comment_id` int(10) unsigned NOT NULL,
  `thread_id` int(10) unsigned NOT NULL,
  `has_voted` tinyint(1) NOT NULL,
  `created_at` int(10) unsigned NOT NULL,
  PRIMARY KEY (`user_id`,`comment_id`),
  KEY `IDX_7F796057A76ED395` (`user_id`),
  KEY `IDX_7F796057F8697D13` (`comment_id`),
  KEY `IDX_7F796057E2904019` (`thread_id`),
  CONSTRAINT `FK_7F796057A76ED395` FOREIGN KEY (`user_id`) REFERENCES `user` (`id`),
  CONSTRAINT `FK_7F796057E2904019` FOREIGN KEY (`thread_id`) REFERENCES `thread` (`id`),
  CONSTRAINT `FK_7F796057F8697D13` FOREIGN KEY (`comment_id`) REFERENCES `comment` (`id`)
) ENGINE=InnoDB DEFAULT CHARSET=utf8 COLLATE=utf8_unicode_ci;
/*!40101 SET character_set_client = @saved_cs_client */;

--
-- Dumping data for table `comment_track`
--

LOCK TABLES `comment_track` WRITE;
/*!40000 ALTER TABLE `comment_track` DISABLE KEYS */;
INSERT INTO `comment_track` VALUES (1,6,4,1,1396448513),(2,1,1,1,1396447166),(2,1132,1126,1,1396479562),(2,1133,1127,1,1396478156),(2,1134,1126,1,1396479563),(2,1136,1129,1,1396608870),(2,1138,1130,1,1396608820),(3,22,20,1,1396463336),(3,1132,1126,1,1396483448),(3,1134,1126,1,1396514806),(3,1135,1128,1,1396514992),(4,1132,1126,1,1396591568),(4,1134,1126,1,1396591568),(4,1136,1129,1,1396591451),(5,1138,1130,1,1396609731);
/*!40000 ALTER TABLE `comment_track` ENABLE KEYS */;
UNLOCK TABLES;

--
-- Table structure for table `message`
--

DROP TABLE IF EXISTS `message`;
/*!40101 SET @saved_cs_client     = @@character_set_client */;
/*!40101 SET character_set_client = utf8 */;
CREATE TABLE `message` (
  `id` int(10) unsigned NOT NULL AUTO_INCREMENT,
  `to_user_id` int(10) unsigned NOT NULL,
  `from_user_id` int(10) unsigned NOT NULL,
  `title` varchar(255) COLLATE utf8_unicode_ci NOT NULL,
  `content` varchar(255) COLLATE utf8_unicode_ci NOT NULL,
  `has_read` tinyint(1) NOT NULL,
  `created_at` int(10) unsigned NOT NULL,
  `type` smallint(5) unsigned NOT NULL,
  PRIMARY KEY (`id`),
  KEY `IDX_B6BD307F29F6EE60` (`to_user_id`),
  KEY `IDX_B6BD307F2130303A` (`from_user_id`),
  CONSTRAINT `FK_B6BD307F2130303A` FOREIGN KEY (`from_user_id`) REFERENCES `user` (`id`),
  CONSTRAINT `FK_B6BD307F29F6EE60` FOREIGN KEY (`to_user_id`) REFERENCES `user` (`id`)
) ENGINE=InnoDB AUTO_INCREMENT=6 DEFAULT CHARSET=utf8 COLLATE=utf8_unicode_ci;
/*!40101 SET character_set_client = @saved_cs_client */;

--
-- Dumping data for table `message`
--

LOCK TABLES `message` WRITE;
/*!40000 ALTER TABLE `message` DISABLE KEYS */;
INSERT INTO `message` VALUES (1,1,2,'111111111111','1111111111111111',1,1396447202,0),(2,1,2,'2222222222222222222','22222222222222',1,1396447819,0),(3,2,1,'12312312312','3123213123',1,1396448101,0),(4,1,3,'44444444','44444444444444444',1,1396448200,0),(5,2,2,'1111111111111','1222222222222',1,1396610366,0);
/*!40000 ALTER TABLE `message` ENABLE KEYS */;
UNLOCK TABLES;

--
-- Table structure for table `module`
--

DROP TABLE IF EXISTS `module`;
/*!40101 SET @saved_cs_client     = @@character_set_client */;
/*!40101 SET character_set_client = utf8 */;
CREATE TABLE `module` (
  `id` int(10) unsigned NOT NULL AUTO_INCREMENT,
  `parent_id` int(10) unsigned DEFAULT NULL,
  `name` varchar(255) COLLATE utf8_unicode_ci NOT NULL,
  `description` varchar(255) COLLATE utf8_unicode_ci NOT NULL,
  `enable_indexing` tinyint(1) NOT NULL,
  `num_threads` int(10) unsigned NOT NULL,
  PRIMARY KEY (`id`),
  KEY `IDX_C242628727ACA70` (`parent_id`),
  KEY `IDX_C24262821746551` (`enable_indexing`),
  CONSTRAINT `FK_C242628727ACA70` FOREIGN KEY (`parent_id`) REFERENCES `module` (`id`)
) ENGINE=InnoDB AUTO_INCREMENT=7 DEFAULT CHARSET=utf8 COLLATE=utf8_unicode_ci;
/*!40101 SET character_set_client = @saved_cs_client */;

--
-- Dumping data for table `module`
--

LOCK TABLES `module` WRITE;
/*!40000 ALTER TABLE `module` DISABLE KEYS */;
INSERT INTO `module` VALUES (1,NULL,'module-1','',1,0),(2,1,'submodule-1-1','description for submodule-1-1',0,1129),(3,1,'submodule-1-2','description for submodule-1-2',0,0),(4,NULL,'module-2','',1,0),(5,4,'submodule-2-1','description for submodule-2-1',0,1),(6,4,'submodule-2-2','description for submodule-2-2',0,0);
/*!40000 ALTER TABLE `module` ENABLE KEYS */;
UNLOCK TABLES;

--
-- Table structure for table `role`
--

DROP TABLE IF EXISTS `role`;
/*!40101 SET @saved_cs_client     = @@character_set_client */;
/*!40101 SET character_set_client = utf8 */;
CREATE TABLE `role` (
  `id` smallint(5) unsigned NOT NULL AUTO_INCREMENT,
  `name` varchar(30) COLLATE utf8_unicode_ci NOT NULL,
  `role` varchar(20) COLLATE utf8_unicode_ci NOT NULL,
  PRIMARY KEY (`id`),
  UNIQUE KEY `UNIQ_57698A6A57698A6A` (`role`)
) ENGINE=InnoDB AUTO_INCREMENT=3 DEFAULT CHARSET=utf8 COLLATE=utf8_unicode_ci;
/*!40101 SET character_set_client = @saved_cs_client */;

--
-- Dumping data for table `role`
--

LOCK TABLES `role` WRITE;
/*!40000 ALTER TABLE `role` DISABLE KEYS */;
INSERT INTO `role` VALUES (1,'admin','ROLE_ADMIN'),(2,'user','ROLE_USER');
/*!40000 ALTER TABLE `role` ENABLE KEYS */;
UNLOCK TABLES;

--
-- Table structure for table `thread`
--

DROP TABLE IF EXISTS `thread`;
/*!40101 SET @saved_cs_client     = @@character_set_client */;
/*!40101 SET character_set_client = utf8 */;
CREATE TABLE `thread` (
  `id` int(10) unsigned NOT NULL AUTO_INCREMENT,
  `user_id` int(10) unsigned NOT NULL,
  `module_id` int(10) unsigned NOT NULL,
  `last_comment_id` int(10) unsigned DEFAULT NULL,
  `first_comment_id` int(10) unsigned DEFAULT NULL,
  `title` varchar(255) COLLATE utf8_unicode_ci NOT NULL,
  `content` varchar(4095) COLLATE utf8_unicode_ci NOT NULL,
  `status` smallint(5) unsigned NOT NULL,
  `type` smallint(5) unsigned NOT NULL,
  `num_replies` int(10) unsigned NOT NULL,
  `num_views` int(10) unsigned NOT NULL,
  `created_at` int(10) unsigned NOT NULL,
  `updated_at` int(10) unsigned NOT NULL,
  `author` varchar(25) COLLATE utf8_unicode_ci NOT NULL,
  PRIMARY KEY (`id`),
  UNIQUE KEY `UNIQ_31204C83111D17F9` (`last_comment_id`),
  UNIQUE KEY `UNIQ_31204C8369F11C14` (`first_comment_id`),
  KEY `IDX_31204C83A76ED395` (`user_id`),
  KEY `IDX_31204C83AFC2B591` (`module_id`),
  KEY `IDX_31204C83AFC2B59143625D9F` (`module_id`,`updated_at`),
  CONSTRAINT `FK_31204C83111D17F9` FOREIGN KEY (`last_comment_id`) REFERENCES `comment` (`id`),
  CONSTRAINT `FK_31204C8369F11C14` FOREIGN KEY (`first_comment_id`) REFERENCES `comment` (`id`),
  CONSTRAINT `FK_31204C83A76ED395` FOREIGN KEY (`user_id`) REFERENCES `user` (`id`),
  CONSTRAINT `FK_31204C83AFC2B591` FOREIGN KEY (`module_id`) REFERENCES `module` (`id`)
) ENGINE=InnoDB AUTO_INCREMENT=1131 DEFAULT CHARSET=utf8 COLLATE=utf8_unicode_ci;
/*!40101 SET character_set_client = @saved_cs_client */;

--
-- Dumping data for table `thread`
--

LOCK TABLES `thread` WRITE;
/*!40000 ALTER TABLE `thread` DISABLE KEYS */;
INSERT INTO `thread` VALUES (1,2,2,4,1,'title13333','content12346',0,0,2,3,1396447145,1396447329,'admin1'),(2,2,5,3,3,'222222','2222222222222222',0,0,0,1,1396447223,1396447223,'admin1'),(3,1,2,5,5,'2222','22222222222222222',0,0,0,2,1396447345,1396447345,'testuser'),(4,1,2,6,6,'333333333333333','44444444444444444',0,0,0,2,1396447403,1396447403,'testuser'),(5,3,2,7,7,'44444444444444444444444444444444444','444444444444444444444444444',0,0,0,1,1396448632,1396448632,'myuser'),(6,3,2,8,8,'55555555555555','55555555555555555',0,0,0,1,1396448641,1396448641,'myuser'),(7,3,2,9,9,'66666666666666','66666666666666666666666666666666',0,0,0,1,1396448646,1396448646,'myuser'),(8,3,2,10,10,'6666666666666','66666666666666666',0,0,0,1,1396448654,1396448654,'myuser'),(9,3,2,11,11,'666666666','6666666666666666666',0,0,0,0,1396448659,1396448659,'myuser'),(10,3,2,12,12,'6666666644444','66666666666666666666666',0,0,0,2,1396448690,1396448690,'myuser'),(11,3,2,13,13,'5555555555555','5555555555555555555555',0,0,0,0,1396449297,1396449297,'myuser'),(12,3,2,14,14,'222222222','2222222222222222',0,0,0,0,1396449304,1396449304,'myuser'),(13,3,2,15,15,'555555555555555','5555555555555555555555',0,0,0,0,1396449310,1396449310,'myuser'),(14,3,2,16,16,'33333333333333','33333333333333',0,0,0,0,1396449317,1396449317,'myuser'),(15,3,2,17,17,'55555555555555','55555555555555555555',0,0,0,0,1396449322,1396449322,'myuser'),(16,3,2,18,18,'666666666666666','6666666666666666666666666',0,0,0,1,1396449330,1396449330,'myuser'),(17,3,2,19,19,'22222222222222222','22222222222222222222222222',0,0,0,1,1396449335,1396449335,'myuser'),(18,3,2,20,20,'22222222222222','2222222222222222222222',0,0,0,0,1396449340,1396449340,'myuser'),(19,3,2,21,21,'5555555555555555','5555555555555555555555555555',0,0,0,0,1396449346,1396449346,'myuser'),(20,3,2,22,22,'22222222222222222222','222222222222222222222',0,0,0,1,1396449354,1396449354,'myuser'),(21,3,2,23,23,'333333333333333','333333333333333333333',0,0,0,0,1396465831,1396465831,'myuser'),(22,3,2,25,25,'333333333333333','333333333333333333333',0,0,0,1,1396466857,1396466857,'myuser'),(23,3,2,27,27,'55555555555','555555555555555555555555',0,0,0,0,1396466945,1396466945,'myuser'),(24,3,2,29,28,'4444444444444444','4444444444444444444',0,0,1,1,1396467614,1396468359,'myuser'),(25,3,2,30,30,'33333333333333333','333333333333333333333',0,0,0,0,1396473203,1396473203,'myuser'),(26,3,2,32,32,'ttttttt','ccccccccccc',0,0,0,0,1396473969,1396473969,'myuser'),(27,3,2,33,33,'ttttttt','ccccccccccc',0,0,0,0,1396473969,1396473969,'myuser'),(28,3,2,34,34,'ttttttt','ccccccccccc',0,0,0,0,1396473969,1396473969,'myuser'),(29,3,2,35,35,'ttttttt','ccccccccccc',0,0,0,0,1396473969,1396473969,'myuser'),(30,3,2,36,36,'ttttttt','ccccccccccc',0,0,0,0,1396473969,1396473969,'myuser'),(31,3,2,37,37,'ttttttt','ccccccccccc',0,0,0,0,1396473969,1396473969,'myuser'),(32,3,2,38,38,'ttttttt','ccccccccccc',0,0,0,0,1396473969,1396473969,'myuser'),(33,3,2,39,39,'ttttttt','ccccccccccc',0,0,0,0,1396473969,1396473969,'myuser'),(34,3,2,40,40,'ttttttt','ccccccccccc',0,0,0,0,1396473969,1396473969,'myuser'),(35,3,2,41,41,'ttttttt','ccccccccccc',0,0,0,0,1396473969,1396473969,'myuser'),(36,3,2,42,42,'ttttttt','ccccccccccc',0,0,0,0,1396473969,1396473969,'myuser'),(37,3,2,43,43,'ttttttt','ccccccccccc',0,0,0,0,1396473969,1396473969,'myuser'),(38,3,2,44,44,'ttttttt','ccccccccccc',0,0,0,0,1396473969,1396473969,'myuser'),(39,3,2,45,45,'ttttttt','ccccccccccc',0,0,0,0,1396473969,1396473969,'myuser'),(40,3,2,46,46,'ttttttt','ccccccccccc',0,0,0,0,1396473969,1396473969,'myuser'),(41,3,2,47,47,'ttttttt','ccccccccccc',0,0,0,0,1396473969,1396473969,'myuser'),(42,3,2,48,48,'ttttttt','ccccccccccc',0,0,0,0,1396473969,1396473969,'myuser'),(43,3,2,49,49,'ttttttt','ccccccccccc',0,0,0,0,1396473969,1396473969,'myuser'),(44,3,2,50,50,'ttttttt','ccccccccccc',0,0,0,0,1396473969,1396473969,'myuser'),(45,3,2,51,51,'ttttttt','ccccccccccc',0,0,0,0,1396473969,1396473969,'myuser'),(46,3,2,52,52,'ttttttt','ccccccccccc',0,0,0,0,1396473969,1396473969,'myuser'),(47,3,2,53,53,'ttttttt','ccccccccccc',0,0,0,0,1396473969,1396473969,'myuser'),(48,3,2,54,54,'ttttttt','ccccccccccc',0,0,0,0,1396473969,1396473969,'myuser'),(49,3,2,55,55,'ttttttt','ccccccccccc',0,0,0,0,1396473969,1396473969,'myuser'),(50,3,2,56,56,'ttttttt','ccccccccccc',0,0,0,0,1396473969,1396473969,'myuser'),(51,3,2,57,57,'ttttttt','ccccccccccc',0,0,0,0,1396473969,1396473969,'myuser'),(52,3,2,58,58,'ttttttt','ccccccccccc',0,0,0,0,1396473970,1396473970,'myuser'),(53,3,2,59,59,'ttttttt','ccccccccccc',0,0,0,0,1396473970,1396473970,'myuser'),(54,3,2,60,60,'ttttttt','ccccccccccc',0,0,0,0,1396473970,1396473970,'myuser'),(55,3,2,61,61,'ttttttt','ccccccccccc',0,0,0,0,1396473970,1396473970,'myuser'),(56,3,2,62,62,'ttttttt','ccccccccccc',0,0,0,0,1396473970,1396473970,'myuser'),(57,3,2,63,63,'ttttttt','ccccccccccc',0,0,0,0,1396473970,1396473970,'myuser'),(58,3,2,64,64,'ttttttt','ccccccccccc',0,0,0,0,1396473970,1396473970,'myuser'),(59,3,2,65,65,'ttttttt','ccccccccccc',0,0,0,0,1396473970,1396473970,'myuser'),(60,3,2,66,66,'ttttttt','ccccccccccc',0,0,0,0,1396473970,1396473970,'myuser'),(61,3,2,67,67,'ttttttt','ccccccccccc',0,0,0,0,1396473970,1396473970,'myuser'),(62,3,2,68,68,'ttttttt','ccccccccccc',0,0,0,0,1396473970,1396473970,'myuser'),(63,3,2,69,69,'ttttttt','ccccccccccc',0,0,0,0,1396473970,1396473970,'myuser'),(64,3,2,70,70,'ttttttt','ccccccccccc',0,0,0,0,1396473970,1396473970,'myuser'),(65,3,2,71,71,'ttttttt','ccccccccccc',0,0,0,0,1396473970,1396473970,'myuser'),(66,3,2,72,72,'ttttttt','ccccccccccc',0,0,0,0,1396473970,1396473970,'myuser'),(67,3,2,73,73,'ttttttt','ccccccccccc',0,0,0,0,1396473970,1396473970,'myuser'),(68,3,2,74,74,'ttttttt','ccccccccccc',0,0,0,0,1396473970,1396473970,'myuser'),(69,3,2,75,75,'ttttttt','ccccccccccc',0,0,0,0,1396473970,1396473970,'myuser'),(70,3,2,76,76,'ttttttt','ccccccccccc',0,0,0,0,1396473970,1396473970,'myuser'),(71,3,2,77,77,'ttttttt','ccccccccccc',0,0,0,0,1396473970,1396473970,'myuser'),(72,3,2,78,78,'ttttttt','ccccccccccc',0,0,0,0,1396473970,1396473970,'myuser'),(73,3,2,79,79,'ttttttt','ccccccccccc',0,0,0,0,1396473970,1396473970,'myuser'),(74,3,2,80,80,'ttttttt','ccccccccccc',0,0,0,0,1396473970,1396473970,'myuser'),(75,3,2,81,81,'ttttttt','ccccccccccc',0,0,0,0,1396473970,1396473970,'myuser'),(76,3,2,82,82,'ttttttt','ccccccccccc',0,0,0,0,1396473970,1396473970,'myuser'),(77,3,2,83,83,'ttttttt','ccccccccccc',0,0,0,0,1396473970,1396473970,'myuser'),(78,3,2,84,84,'ttttttt','ccccccccccc',0,0,0,0,1396473970,1396473970,'myuser'),(79,3,2,85,85,'ttttttt','ccccccccccc',0,0,0,0,1396473970,1396473970,'myuser'),(80,3,2,86,86,'ttttttt','ccccccccccc',0,0,0,0,1396473970,1396473970,'myuser'),(81,3,2,87,87,'ttttttt','ccccccccccc',0,0,0,0,1396473970,1396473970,'myuser'),(82,3,2,88,88,'ttttttt','ccccccccccc',0,0,0,0,1396473970,1396473970,'myuser'),(83,3,2,89,89,'ttttttt','ccccccccccc',0,0,0,0,1396473970,1396473970,'myuser'),(84,3,2,90,90,'ttttttt','ccccccccccc',0,0,0,0,1396473971,1396473971,'myuser'),(85,3,2,91,91,'ttttttt','ccccccccccc',0,0,0,0,1396473971,1396473971,'myuser'),(86,3,2,92,92,'ttttttt','ccccccccccc',0,0,0,0,1396473971,1396473971,'myuser'),(87,3,2,93,93,'ttttttt','ccccccccccc',0,0,0,0,1396473971,1396473971,'myuser'),(88,3,2,94,94,'ttttttt','ccccccccccc',0,0,0,0,1396473971,1396473971,'myuser'),(89,3,2,95,95,'ttttttt','ccccccccccc',0,0,0,0,1396473971,1396473971,'myuser'),(90,3,2,96,96,'ttttttt','ccccccccccc',0,0,0,0,1396473971,1396473971,'myuser'),(91,3,2,97,97,'ttttttt','ccccccccccc',0,0,0,0,1396473971,1396473971,'myuser'),(92,3,2,98,98,'ttttttt','ccccccccccc',0,0,0,0,1396473971,1396473971,'myuser'),(93,3,2,99,99,'ttttttt','ccccccccccc',0,0,0,0,1396473971,1396473971,'myuser'),(94,3,2,100,100,'ttttttt','ccccccccccc',0,0,0,0,1396473971,1396473971,'myuser'),(95,3,2,101,101,'ttttttt','ccccccccccc',0,0,0,0,1396473971,1396473971,'myuser'),(96,3,2,102,102,'ttttttt','ccccccccccc',0,0,0,0,1396473971,1396473971,'myuser'),(97,3,2,103,103,'ttttttt','ccccccccccc',0,0,0,0,1396473971,1396473971,'myuser'),(98,3,2,104,104,'ttttttt','ccccccccccc',0,0,0,0,1396473971,1396473971,'myuser'),(99,3,2,105,105,'ttttttt','ccccccccccc',0,0,0,0,1396473971,1396473971,'myuser'),(100,3,2,106,106,'ttttttt','ccccccccccc',0,0,0,0,1396473971,1396473971,'myuser'),(101,3,2,107,107,'ttttttt','ccccccccccc',0,0,0,0,1396473971,1396473971,'myuser'),(102,3,2,108,108,'ttttttt','ccccccccccc',0,0,0,0,1396473971,1396473971,'myuser'),(103,3,2,109,109,'ttttttt','ccccccccccc',0,0,0,0,1396473971,1396473971,'myuser'),(104,3,2,110,110,'ttttttt','ccccccccccc',0,0,0,0,1396473971,1396473971,'myuser'),(105,3,2,111,111,'ttttttt','ccccccccccc',0,0,0,0,1396473971,1396473971,'myuser'),(106,3,2,112,112,'ttttttt','ccccccccccc',0,0,0,0,1396473971,1396473971,'myuser'),(107,3,2,113,113,'ttttttt','ccccccccccc',0,0,0,0,1396473971,1396473971,'myuser'),(108,3,2,114,114,'ttttttt','ccccccccccc',0,0,0,0,1396473971,1396473971,'myuser'),(109,3,2,115,115,'ttttttt','ccccccccccc',0,0,0,0,1396473972,1396473972,'myuser'),(110,3,2,116,116,'ttttttt','ccccccccccc',0,0,0,0,1396473972,1396473972,'myuser'),(111,3,2,117,117,'ttttttt','ccccccccccc',0,0,0,0,1396473972,1396473972,'myuser'),(112,3,2,118,118,'ttttttt','ccccccccccc',0,0,0,0,1396473972,1396473972,'myuser'),(113,3,2,119,119,'ttttttt','ccccccccccc',0,0,0,0,1396473972,1396473972,'myuser'),(114,3,2,120,120,'ttttttt','ccccccccccc',0,0,0,0,1396473972,1396473972,'myuser'),(115,3,2,121,121,'ttttttt','ccccccccccc',0,0,0,0,1396473972,1396473972,'myuser'),(116,3,2,122,122,'ttttttt','ccccccccccc',0,0,0,0,1396473972,1396473972,'myuser'),(117,3,2,123,123,'ttttttt','ccccccccccc',0,0,0,0,1396473972,1396473972,'myuser'),(118,3,2,124,124,'ttttttt','ccccccccccc',0,0,0,0,1396473972,1396473972,'myuser'),(119,3,2,125,125,'ttttttt','ccccccccccc',0,0,0,0,1396473972,1396473972,'myuser'),(120,3,2,126,126,'ttttttt','ccccccccccc',0,0,0,0,1396473972,1396473972,'myuser'),(121,3,2,127,127,'ttttttt','ccccccccccc',0,0,0,0,1396473972,1396473972,'myuser'),(122,3,2,128,128,'ttttttt','ccccccccccc',0,0,0,0,1396473972,1396473972,'myuser'),(123,3,2,129,129,'ttttttt','ccccccccccc',0,0,0,0,1396473972,1396473972,'myuser'),(124,3,2,130,130,'ttttttt','ccccccccccc',0,0,0,0,1396473972,1396473972,'myuser'),(125,3,2,131,131,'ttttttt','ccccccccccc',0,0,0,0,1396473972,1396473972,'myuser'),(126,3,2,132,132,'ttttttt','ccccccccccc',0,0,0,0,1396473995,1396473995,'myuser'),(127,3,2,133,133,'ttttttt','ccccccccccc',0,0,0,0,1396473995,1396473995,'myuser'),(128,3,2,134,134,'ttttttt','ccccccccccc',0,0,0,0,1396473995,1396473995,'myuser'),(129,3,2,135,135,'ttttttt','ccccccccccc',0,0,0,0,1396473995,1396473995,'myuser'),(130,3,2,136,136,'ttttttt','ccccccccccc',0,0,0,0,1396473996,1396473996,'myuser'),(131,3,2,137,137,'ttttttt','ccccccccccc',0,0,0,0,1396473996,1396473996,'myuser'),(132,3,2,138,138,'ttttttt','ccccccccccc',0,0,0,0,1396473996,1396473996,'myuser'),(133,3,2,139,139,'ttttttt','ccccccccccc',0,0,0,0,1396473996,1396473996,'myuser'),(134,3,2,140,140,'ttttttt','ccccccccccc',0,0,0,0,1396473996,1396473996,'myuser'),(135,3,2,141,141,'ttttttt','ccccccccccc',0,0,0,0,1396473996,1396473996,'myuser'),(136,3,2,142,142,'ttttttt','ccccccccccc',0,0,0,0,1396473996,1396473996,'myuser'),(137,3,2,143,143,'ttttttt','ccccccccccc',0,0,0,0,1396473996,1396473996,'myuser'),(138,3,2,144,144,'ttttttt','ccccccccccc',0,0,0,0,1396473996,1396473996,'myuser'),(139,3,2,145,145,'ttttttt','ccccccccccc',0,0,0,0,1396473996,1396473996,'myuser'),(140,3,2,146,146,'ttttttt','ccccccccccc',0,0,0,0,1396473996,1396473996,'myuser'),(141,3,2,147,147,'ttttttt','ccccccccccc',0,0,0,0,1396473996,1396473996,'myuser'),(142,3,2,148,148,'ttttttt','ccccccccccc',0,0,0,0,1396473996,1396473996,'myuser'),(143,3,2,149,149,'ttttttt','ccccccccccc',0,0,0,0,1396473996,1396473996,'myuser'),(144,3,2,150,150,'ttttttt','ccccccccccc',0,0,0,0,1396473996,1396473996,'myuser'),(145,3,2,151,151,'ttttttt','ccccccccccc',0,0,0,0,1396473996,1396473996,'myuser'),(146,3,2,152,152,'ttttttt','ccccccccccc',0,0,0,0,1396473996,1396473996,'myuser'),(147,3,2,153,153,'ttttttt','ccccccccccc',0,0,0,0,1396473996,1396473996,'myuser'),(148,3,2,154,154,'ttttttt','ccccccccccc',0,0,0,0,1396473996,1396473996,'myuser'),(149,3,2,155,155,'ttttttt','ccccccccccc',0,0,0,0,1396473996,1396473996,'myuser'),(150,3,2,156,156,'ttttttt','ccccccccccc',0,0,0,0,1396473996,1396473996,'myuser'),(151,3,2,157,157,'ttttttt','ccccccccccc',0,0,0,0,1396473996,1396473996,'myuser'),(152,3,2,158,158,'ttttttt','ccccccccccc',0,0,0,0,1396473996,1396473996,'myuser'),(153,3,2,159,159,'ttttttt','ccccccccccc',0,0,0,0,1396473996,1396473996,'myuser'),(154,3,2,160,160,'ttttttt','ccccccccccc',0,0,0,0,1396473996,1396473996,'myuser'),(155,3,2,161,161,'ttttttt','ccccccccccc',0,0,0,0,1396473996,1396473996,'myuser'),(156,3,2,162,162,'ttttttt','ccccccccccc',0,0,0,0,1396473996,1396473996,'myuser'),(157,3,2,163,163,'ttttttt','ccccccccccc',0,0,0,0,1396473996,1396473996,'myuser'),(158,3,2,164,164,'ttttttt','ccccccccccc',0,0,0,0,1396473996,1396473996,'myuser'),(159,3,2,165,165,'ttttttt','ccccccccccc',0,0,0,0,1396473996,1396473996,'myuser'),(160,3,2,166,166,'ttttttt','ccccccccccc',0,0,0,0,1396473996,1396473996,'myuser'),(161,3,2,167,167,'ttttttt','ccccccccccc',0,0,0,0,1396473996,1396473996,'myuser'),(162,3,2,168,168,'ttttttt','ccccccccccc',0,0,0,0,1396473996,1396473996,'myuser'),(163,3,2,169,169,'ttttttt','ccccccccccc',0,0,0,0,1396473996,1396473996,'myuser'),(164,3,2,170,170,'ttttttt','ccccccccccc',0,0,0,0,1396473996,1396473996,'myuser'),(165,3,2,171,171,'ttttttt','ccccccccccc',0,0,0,0,1396473996,1396473996,'myuser'),(166,3,2,172,172,'ttttttt','ccccccccccc',0,0,0,0,1396473996,1396473996,'myuser'),(167,3,2,173,173,'ttttttt','ccccccccccc',0,0,0,0,1396473996,1396473996,'myuser'),(168,3,2,174,174,'ttttttt','ccccccccccc',0,0,0,0,1396473996,1396473996,'myuser'),(169,3,2,175,175,'ttttttt','ccccccccccc',0,0,0,0,1396473996,1396473996,'myuser'),(170,3,2,176,176,'ttttttt','ccccccccccc',0,0,0,0,1396473996,1396473996,'myuser'),(171,3,2,177,177,'ttttttt','ccccccccccc',0,0,0,0,1396473996,1396473996,'myuser'),(172,3,2,178,178,'ttttttt','ccccccccccc',0,0,0,0,1396473996,1396473996,'myuser'),(173,3,2,179,179,'ttttttt','ccccccccccc',0,0,0,0,1396473996,1396473996,'myuser'),(174,3,2,180,180,'ttttttt','ccccccccccc',0,0,0,0,1396473996,1396473996,'myuser'),(175,3,2,181,181,'ttttttt','ccccccccccc',0,0,0,0,1396473996,1396473996,'myuser'),(176,3,2,182,182,'ttttttt','ccccccccccc',0,0,0,0,1396473996,1396473996,'myuser'),(177,3,2,183,183,'ttttttt','ccccccccccc',0,0,0,0,1396473996,1396473996,'myuser'),(178,3,2,184,184,'ttttttt','ccccccccccc',0,0,0,0,1396473997,1396473997,'myuser'),(179,3,2,185,185,'ttttttt','ccccccccccc',0,0,0,0,1396473997,1396473997,'myuser'),(180,3,2,186,186,'ttttttt','ccccccccccc',0,0,0,0,1396473997,1396473997,'myuser'),(181,3,2,187,187,'ttttttt','ccccccccccc',0,0,0,0,1396473997,1396473997,'myuser'),(182,3,2,188,188,'ttttttt','ccccccccccc',0,0,0,0,1396473997,1396473997,'myuser'),(183,3,2,189,189,'ttttttt','ccccccccccc',0,0,0,0,1396473997,1396473997,'myuser'),(184,3,2,190,190,'ttttttt','ccccccccccc',0,0,0,0,1396473997,1396473997,'myuser'),(185,3,2,191,191,'ttttttt','ccccccccccc',0,0,0,0,1396473997,1396473997,'myuser'),(186,3,2,192,192,'ttttttt','ccccccccccc',0,0,0,0,1396473997,1396473997,'myuser'),(187,3,2,193,193,'ttttttt','ccccccccccc',0,0,0,0,1396473997,1396473997,'myuser'),(188,3,2,194,194,'ttttttt','ccccccccccc',0,0,0,0,1396473997,1396473997,'myuser'),(189,3,2,195,195,'ttttttt','ccccccccccc',0,0,0,0,1396473997,1396473997,'myuser'),(190,3,2,196,196,'ttttttt','ccccccccccc',0,0,0,0,1396473997,1396473997,'myuser'),(191,3,2,197,197,'ttttttt','ccccccccccc',0,0,0,0,1396473997,1396473997,'myuser'),(192,3,2,198,198,'ttttttt','ccccccccccc',0,0,0,0,1396473997,1396473997,'myuser'),(193,3,2,199,199,'ttttttt','ccccccccccc',0,0,0,0,1396473997,1396473997,'myuser'),(194,3,2,200,200,'ttttttt','ccccccccccc',0,0,0,0,1396473997,1396473997,'myuser'),(195,3,2,201,201,'ttttttt','ccccccccccc',0,0,0,0,1396473997,1396473997,'myuser'),(196,3,2,202,202,'ttttttt','ccccccccccc',0,0,0,0,1396473997,1396473997,'myuser'),(197,3,2,203,203,'ttttttt','ccccccccccc',0,0,0,0,1396473997,1396473997,'myuser'),(198,3,2,204,204,'ttttttt','ccccccccccc',0,0,0,0,1396473997,1396473997,'myuser'),(199,3,2,205,205,'ttttttt','ccccccccccc',0,0,0,0,1396473997,1396473997,'myuser'),(200,3,2,206,206,'ttttttt','ccccccccccc',0,0,0,0,1396473997,1396473997,'myuser'),(201,3,2,207,207,'ttttttt','ccccccccccc',0,0,0,0,1396473997,1396473997,'myuser'),(202,3,2,208,208,'ttttttt','ccccccccccc',0,0,0,0,1396473997,1396473997,'myuser'),(203,3,2,209,209,'ttttttt','ccccccccccc',0,0,0,0,1396473997,1396473997,'myuser'),(204,3,2,210,210,'ttttttt','ccccccccccc',0,0,0,0,1396473997,1396473997,'myuser'),(205,3,2,211,211,'ttttttt','ccccccccccc',0,0,0,0,1396473998,1396473998,'myuser'),(206,3,2,212,212,'ttttttt','ccccccccccc',0,0,0,0,1396473998,1396473998,'myuser'),(207,3,2,213,213,'ttttttt','ccccccccccc',0,0,0,0,1396473998,1396473998,'myuser'),(208,3,2,214,214,'ttttttt','ccccccccccc',0,0,0,0,1396473998,1396473998,'myuser'),(209,3,2,215,215,'ttttttt','ccccccccccc',0,0,0,0,1396473998,1396473998,'myuser'),(210,3,2,216,216,'ttttttt','ccccccccccc',0,0,0,0,1396473998,1396473998,'myuser'),(211,3,2,217,217,'ttttttt','ccccccccccc',0,0,0,0,1396473998,1396473998,'myuser'),(212,3,2,218,218,'ttttttt','ccccccccccc',0,0,0,0,1396473998,1396473998,'myuser'),(213,3,2,219,219,'ttttttt','ccccccccccc',0,0,0,0,1396473998,1396473998,'myuser'),(214,3,2,220,220,'ttttttt','ccccccccccc',0,0,0,0,1396473998,1396473998,'myuser'),(215,3,2,221,221,'ttttttt','ccccccccccc',0,0,0,0,1396473998,1396473998,'myuser'),(216,3,2,222,222,'ttttttt','ccccccccccc',0,0,0,0,1396473998,1396473998,'myuser'),(217,3,2,223,223,'ttttttt','ccccccccccc',0,0,0,0,1396473998,1396473998,'myuser'),(218,3,2,224,224,'ttttttt','ccccccccccc',0,0,0,0,1396473998,1396473998,'myuser'),(219,3,2,225,225,'ttttttt','ccccccccccc',0,0,0,0,1396473998,1396473998,'myuser'),(220,3,2,226,226,'ttttttt','ccccccccccc',0,0,0,0,1396473998,1396473998,'myuser'),(221,3,2,227,227,'ttttttt','ccccccccccc',0,0,0,0,1396473998,1396473998,'myuser'),(222,3,2,228,228,'ttttttt','ccccccccccc',0,0,0,0,1396473998,1396473998,'myuser'),(223,3,2,229,229,'ttttttt','ccccccccccc',0,0,0,0,1396473998,1396473998,'myuser'),(224,3,2,230,230,'ttttttt','ccccccccccc',0,0,0,0,1396473998,1396473998,'myuser'),(225,3,2,231,231,'ttttttt','ccccccccccc',0,0,0,0,1396473998,1396473998,'myuser'),(226,3,2,232,232,'ttttttt','ccccccccccc',0,0,0,0,1396474023,1396474023,'myuser'),(227,3,2,233,233,'ttttttt','ccccccccccc',0,0,0,0,1396474023,1396474023,'myuser'),(228,3,2,234,234,'ttttttt','ccccccccccc',0,0,0,0,1396474023,1396474023,'myuser'),(229,3,2,235,235,'ttttttt','ccccccccccc',0,0,0,0,1396474023,1396474023,'myuser'),(230,3,2,236,236,'ttttttt','ccccccccccc',0,0,0,0,1396474023,1396474023,'myuser'),(231,3,2,237,237,'ttttttt','ccccccccccc',0,0,0,0,1396474023,1396474023,'myuser'),(232,3,2,238,238,'ttttttt','ccccccccccc',0,0,0,0,1396474023,1396474023,'myuser'),(233,3,2,239,239,'ttttttt','ccccccccccc',0,0,0,0,1396474023,1396474023,'myuser'),(234,3,2,240,240,'ttttttt','ccccccccccc',0,0,0,0,1396474023,1396474023,'myuser'),(235,3,2,241,241,'ttttttt','ccccccccccc',0,0,0,0,1396474023,1396474023,'myuser'),(236,3,2,242,242,'ttttttt','ccccccccccc',0,0,0,0,1396474023,1396474023,'myuser'),(237,3,2,243,243,'ttttttt','ccccccccccc',0,0,0,0,1396474023,1396474023,'myuser'),(238,3,2,244,244,'ttttttt','ccccccccccc',0,0,0,0,1396474023,1396474023,'myuser'),(239,3,2,245,245,'ttttttt','ccccccccccc',0,0,0,0,1396474023,1396474023,'myuser'),(240,3,2,246,246,'ttttttt','ccccccccccc',0,0,0,0,1396474023,1396474023,'myuser'),(241,3,2,247,247,'ttttttt','ccccccccccc',0,0,0,0,1396474023,1396474023,'myuser'),(242,3,2,248,248,'ttttttt','ccccccccccc',0,0,0,0,1396474023,1396474023,'myuser'),(243,3,2,249,249,'ttttttt','ccccccccccc',0,0,0,0,1396474024,1396474024,'myuser'),(244,3,2,250,250,'ttttttt','ccccccccccc',0,0,0,0,1396474024,1396474024,'myuser'),(245,3,2,251,251,'ttttttt','ccccccccccc',0,0,0,0,1396474024,1396474024,'myuser'),(246,3,2,252,252,'ttttttt','ccccccccccc',0,0,0,0,1396474024,1396474024,'myuser'),(247,3,2,253,253,'ttttttt','ccccccccccc',0,0,0,0,1396474024,1396474024,'myuser'),(248,3,2,254,254,'ttttttt','ccccccccccc',0,0,0,0,1396474024,1396474024,'myuser'),(249,3,2,255,255,'ttttttt','ccccccccccc',0,0,0,0,1396474024,1396474024,'myuser'),(250,3,2,256,256,'ttttttt','ccccccccccc',0,0,0,0,1396474024,1396474024,'myuser'),(251,3,2,257,257,'ttttttt','ccccccccccc',0,0,0,0,1396474024,1396474024,'myuser'),(252,3,2,258,258,'ttttttt','ccccccccccc',0,0,0,0,1396474024,1396474024,'myuser'),(253,3,2,259,259,'ttttttt','ccccccccccc',0,0,0,0,1396474024,1396474024,'myuser'),(254,3,2,260,260,'ttttttt','ccccccccccc',0,0,0,0,1396474024,1396474024,'myuser'),(255,3,2,261,261,'ttttttt','ccccccccccc',0,0,0,0,1396474024,1396474024,'myuser'),(256,3,2,262,262,'ttttttt','ccccccccccc',0,0,0,0,1396474024,1396474024,'myuser'),(257,3,2,263,263,'ttttttt','ccccccccccc',0,0,0,0,1396474024,1396474024,'myuser'),(258,3,2,264,264,'ttttttt','ccccccccccc',0,0,0,0,1396474024,1396474024,'myuser'),(259,3,2,265,265,'ttttttt','ccccccccccc',0,0,0,0,1396474024,1396474024,'myuser'),(260,3,2,266,266,'ttttttt','ccccccccccc',0,0,0,0,1396474024,1396474024,'myuser'),(261,3,2,267,267,'ttttttt','ccccccccccc',0,0,0,0,1396474024,1396474024,'myuser'),(262,3,2,268,268,'ttttttt','ccccccccccc',0,0,0,0,1396474024,1396474024,'myuser'),(263,3,2,269,269,'ttttttt','ccccccccccc',0,0,0,0,1396474024,1396474024,'myuser'),(264,3,2,270,270,'ttttttt','ccccccccccc',0,0,0,0,1396474024,1396474024,'myuser'),(265,3,2,271,271,'ttttttt','ccccccccccc',0,0,0,0,1396474024,1396474024,'myuser'),(266,3,2,272,272,'ttttttt','ccccccccccc',0,0,0,0,1396474024,1396474024,'myuser'),(267,3,2,273,273,'ttttttt','ccccccccccc',0,0,0,0,1396474024,1396474024,'myuser'),(268,3,2,274,274,'ttttttt','ccccccccccc',0,0,0,0,1396474024,1396474024,'myuser'),(269,3,2,275,275,'ttttttt','ccccccccccc',0,0,0,0,1396474024,1396474024,'myuser'),(270,3,2,276,276,'ttttttt','ccccccccccc',0,0,0,0,1396474024,1396474024,'myuser'),(271,3,2,277,277,'ttttttt','ccccccccccc',0,0,0,0,1396474024,1396474024,'myuser'),(272,3,2,278,278,'ttttttt','ccccccccccc',0,0,0,0,1396474024,1396474024,'myuser'),(273,3,2,279,279,'ttttttt','ccccccccccc',0,0,0,0,1396474024,1396474024,'myuser'),(274,3,2,280,280,'ttttttt','ccccccccccc',0,0,0,0,1396474024,1396474024,'myuser'),(275,3,2,281,281,'ttttttt','ccccccccccc',0,0,0,0,1396474024,1396474024,'myuser'),(276,3,2,282,282,'ttttttt','ccccccccccc',0,0,0,0,1396474024,1396474024,'myuser'),(277,3,2,283,283,'ttttttt','ccccccccccc',0,0,0,0,1396474024,1396474024,'myuser'),(278,3,2,284,284,'ttttttt','ccccccccccc',0,0,0,0,1396474024,1396474024,'myuser'),(279,3,2,285,285,'ttttttt','ccccccccccc',0,0,0,0,1396474024,1396474024,'myuser'),(280,3,2,286,286,'ttttttt','ccccccccccc',0,0,0,0,1396474024,1396474024,'myuser'),(281,3,2,287,287,'ttttttt','ccccccccccc',0,0,0,0,1396474024,1396474024,'myuser'),(282,3,2,288,288,'ttttttt','ccccccccccc',0,0,0,0,1396474024,1396474024,'myuser'),(283,3,2,289,289,'ttttttt','ccccccccccc',0,0,0,0,1396474025,1396474025,'myuser'),(284,3,2,290,290,'ttttttt','ccccccccccc',0,0,0,0,1396474025,1396474025,'myuser'),(285,3,2,291,291,'ttttttt','ccccccccccc',0,0,0,0,1396474025,1396474025,'myuser'),(286,3,2,292,292,'ttttttt','ccccccccccc',0,0,0,0,1396474025,1396474025,'myuser'),(287,3,2,293,293,'ttttttt','ccccccccccc',0,0,0,0,1396474025,1396474025,'myuser'),(288,3,2,294,294,'ttttttt','ccccccccccc',0,0,0,0,1396474025,1396474025,'myuser'),(289,3,2,295,295,'ttttttt','ccccccccccc',0,0,0,0,1396474025,1396474025,'myuser'),(290,3,2,296,296,'ttttttt','ccccccccccc',0,0,0,0,1396474025,1396474025,'myuser'),(291,3,2,297,297,'ttttttt','ccccccccccc',0,0,0,0,1396474025,1396474025,'myuser'),(292,3,2,298,298,'ttttttt','ccccccccccc',0,0,0,0,1396474025,1396474025,'myuser'),(293,3,2,299,299,'ttttttt','ccccccccccc',0,0,0,0,1396474025,1396474025,'myuser'),(294,3,2,300,300,'ttttttt','ccccccccccc',0,0,0,0,1396474025,1396474025,'myuser'),(295,3,2,301,301,'ttttttt','ccccccccccc',0,0,0,0,1396474025,1396474025,'myuser'),(296,3,2,302,302,'ttttttt','ccccccccccc',0,0,0,0,1396474025,1396474025,'myuser'),(297,3,2,303,303,'ttttttt','ccccccccccc',0,0,0,0,1396474025,1396474025,'myuser'),(298,3,2,304,304,'ttttttt','ccccccccccc',0,0,0,0,1396474025,1396474025,'myuser'),(299,3,2,305,305,'ttttttt','ccccccccccc',0,0,0,0,1396474025,1396474025,'myuser'),(300,3,2,306,306,'ttttttt','ccccccccccc',0,0,0,0,1396474025,1396474025,'myuser'),(301,3,2,307,307,'ttttttt','ccccccccccc',0,0,0,0,1396474025,1396474025,'myuser'),(302,3,2,308,308,'ttttttt','ccccccccccc',0,0,0,0,1396474025,1396474025,'myuser'),(303,3,2,309,309,'ttttttt','ccccccccccc',0,0,0,0,1396474025,1396474025,'myuser'),(304,3,2,310,310,'ttttttt','ccccccccccc',0,0,0,0,1396474025,1396474025,'myuser'),(305,3,2,311,311,'ttttttt','ccccccccccc',0,0,0,0,1396474025,1396474025,'myuser'),(306,3,2,312,312,'ttttttt','ccccccccccc',0,0,0,0,1396474025,1396474025,'myuser'),(307,3,2,313,313,'ttttttt','ccccccccccc',0,0,0,0,1396474025,1396474025,'myuser'),(308,3,2,314,314,'ttttttt','ccccccccccc',0,0,0,0,1396474025,1396474025,'myuser'),(309,3,2,315,315,'ttttttt','ccccccccccc',0,0,0,0,1396474025,1396474025,'myuser'),(310,3,2,316,316,'ttttttt','ccccccccccc',0,0,0,0,1396474026,1396474026,'myuser'),(311,3,2,317,317,'ttttttt','ccccccccccc',0,0,0,0,1396474026,1396474026,'myuser'),(312,3,2,318,318,'ttttttt','ccccccccccc',0,0,0,0,1396474026,1396474026,'myuser'),(313,3,2,319,319,'ttttttt','ccccccccccc',0,0,0,0,1396474026,1396474026,'myuser'),(314,3,2,320,320,'ttttttt','ccccccccccc',0,0,0,0,1396474026,1396474026,'myuser'),(315,3,2,321,321,'ttttttt','ccccccccccc',0,0,0,0,1396474026,1396474026,'myuser'),(316,3,2,322,322,'ttttttt','ccccccccccc',0,0,0,0,1396474026,1396474026,'myuser'),(317,3,2,323,323,'ttttttt','ccccccccccc',0,0,0,0,1396474026,1396474026,'myuser'),(318,3,2,324,324,'ttttttt','ccccccccccc',0,0,0,0,1396474026,1396474026,'myuser'),(319,3,2,325,325,'ttttttt','ccccccccccc',0,0,0,0,1396474026,1396474026,'myuser'),(320,3,2,326,326,'ttttttt','ccccccccccc',0,0,0,0,1396474026,1396474026,'myuser'),(321,3,2,327,327,'ttttttt','ccccccccccc',0,0,0,0,1396474026,1396474026,'myuser'),(322,3,2,328,328,'ttttttt','ccccccccccc',0,0,0,0,1396474026,1396474026,'myuser'),(323,3,2,329,329,'ttttttt','ccccccccccc',0,0,0,0,1396474026,1396474026,'myuser'),(324,3,2,330,330,'ttttttt','ccccccccccc',0,0,0,0,1396474026,1396474026,'myuser'),(325,3,2,331,331,'ttttttt','ccccccccccc',0,0,0,0,1396474026,1396474026,'myuser'),(326,3,2,332,332,'ttttttt','ccccccccccc',0,0,0,0,1396474026,1396474026,'myuser'),(327,3,2,333,333,'ttttttt','ccccccccccc',0,0,0,0,1396474026,1396474026,'myuser'),(328,3,2,334,334,'ttttttt','ccccccccccc',0,0,0,0,1396474026,1396474026,'myuser'),(329,3,2,335,335,'ttttttt','ccccccccccc',0,0,0,0,1396474026,1396474026,'myuser'),(330,3,2,336,336,'ttttttt','ccccccccccc',0,0,0,0,1396474026,1396474026,'myuser'),(331,3,2,337,337,'ttttttt','ccccccccccc',0,0,0,0,1396474027,1396474027,'myuser'),(332,3,2,338,338,'ttttttt','ccccccccccc',0,0,0,0,1396474027,1396474027,'myuser'),(333,3,2,339,339,'ttttttt','ccccccccccc',0,0,0,0,1396474027,1396474027,'myuser'),(334,3,2,340,340,'ttttttt','ccccccccccc',0,0,0,0,1396474027,1396474027,'myuser'),(335,3,2,341,341,'ttttttt','ccccccccccc',0,0,0,0,1396474027,1396474027,'myuser'),(336,3,2,342,342,'ttttttt','ccccccccccc',0,0,0,0,1396474027,1396474027,'myuser'),(337,3,2,343,343,'ttttttt','ccccccccccc',0,0,0,0,1396474027,1396474027,'myuser'),(338,3,2,344,344,'ttttttt','ccccccccccc',0,0,0,0,1396474027,1396474027,'myuser'),(339,3,2,345,345,'ttttttt','ccccccccccc',0,0,0,0,1396474027,1396474027,'myuser'),(340,3,2,346,346,'ttttttt','ccccccccccc',0,0,0,0,1396474027,1396474027,'myuser'),(341,3,2,347,347,'ttttttt','ccccccccccc',0,0,0,0,1396474027,1396474027,'myuser'),(342,3,2,348,348,'ttttttt','ccccccccccc',0,0,0,0,1396474027,1396474027,'myuser'),(343,3,2,349,349,'ttttttt','ccccccccccc',0,0,0,0,1396474027,1396474027,'myuser'),(344,3,2,350,350,'ttttttt','ccccccccccc',0,0,0,0,1396474027,1396474027,'myuser'),(345,3,2,351,351,'ttttttt','ccccccccccc',0,0,0,0,1396474027,1396474027,'myuser'),(346,3,2,352,352,'ttttttt','ccccccccccc',0,0,0,0,1396474027,1396474027,'myuser'),(347,3,2,353,353,'ttttttt','ccccccccccc',0,0,0,0,1396474027,1396474027,'myuser'),(348,3,2,354,354,'ttttttt','ccccccccccc',0,0,0,0,1396474027,1396474027,'myuser'),(349,3,2,355,355,'ttttttt','ccccccccccc',0,0,0,0,1396474027,1396474027,'myuser'),(350,3,2,356,356,'ttttttt','ccccccccccc',0,0,0,0,1396474028,1396474028,'myuser'),(351,3,2,357,357,'ttttttt','ccccccccccc',0,0,0,0,1396474028,1396474028,'myuser'),(352,3,2,358,358,'ttttttt','ccccccccccc',0,0,0,0,1396474028,1396474028,'myuser'),(353,3,2,359,359,'ttttttt','ccccccccccc',0,0,0,0,1396474028,1396474028,'myuser'),(354,3,2,360,360,'ttttttt','ccccccccccc',0,0,0,0,1396474028,1396474028,'myuser'),(355,3,2,361,361,'ttttttt','ccccccccccc',0,0,0,0,1396474028,1396474028,'myuser'),(356,3,2,362,362,'ttttttt','ccccccccccc',0,0,0,0,1396474028,1396474028,'myuser'),(357,3,2,363,363,'ttttttt','ccccccccccc',0,0,0,0,1396474028,1396474028,'myuser'),(358,3,2,364,364,'ttttttt','ccccccccccc',0,0,0,0,1396474028,1396474028,'myuser'),(359,3,2,365,365,'ttttttt','ccccccccccc',0,0,0,0,1396474028,1396474028,'myuser'),(360,3,2,366,366,'ttttttt','ccccccccccc',0,0,0,0,1396474028,1396474028,'myuser'),(361,3,2,367,367,'ttttttt','ccccccccccc',0,0,0,0,1396474028,1396474028,'myuser'),(362,3,2,368,368,'ttttttt','ccccccccccc',0,0,0,0,1396474028,1396474028,'myuser'),(363,3,2,369,369,'ttttttt','ccccccccccc',0,0,0,0,1396474028,1396474028,'myuser'),(364,3,2,370,370,'ttttttt','ccccccccccc',0,0,0,0,1396474028,1396474028,'myuser'),(365,3,2,371,371,'ttttttt','ccccccccccc',0,0,0,0,1396474028,1396474028,'myuser'),(366,3,2,372,372,'ttttttt','ccccccccccc',0,0,0,0,1396474029,1396474029,'myuser'),(367,3,2,373,373,'ttttttt','ccccccccccc',0,0,0,0,1396474029,1396474029,'myuser'),(368,3,2,374,374,'ttttttt','ccccccccccc',0,0,0,0,1396474029,1396474029,'myuser'),(369,3,2,375,375,'ttttttt','ccccccccccc',0,0,0,0,1396474029,1396474029,'myuser'),(370,3,2,376,376,'ttttttt','ccccccccccc',0,0,0,0,1396474029,1396474029,'myuser'),(371,3,2,377,377,'ttttttt','ccccccccccc',0,0,0,0,1396474029,1396474029,'myuser'),(372,3,2,378,378,'ttttttt','ccccccccccc',0,0,0,0,1396474029,1396474029,'myuser'),(373,3,2,379,379,'ttttttt','ccccccccccc',0,0,0,0,1396474029,1396474029,'myuser'),(374,3,2,380,380,'ttttttt','ccccccccccc',0,0,0,0,1396474029,1396474029,'myuser'),(375,3,2,381,381,'ttttttt','ccccccccccc',0,0,0,0,1396474029,1396474029,'myuser'),(376,3,2,382,382,'ttttttt','ccccccccccc',0,0,0,0,1396474029,1396474029,'myuser'),(377,3,2,383,383,'ttttttt','ccccccccccc',0,0,0,0,1396474029,1396474029,'myuser'),(378,3,2,384,384,'ttttttt','ccccccccccc',0,0,0,0,1396474029,1396474029,'myuser'),(379,3,2,385,385,'ttttttt','ccccccccccc',0,0,0,0,1396474029,1396474029,'myuser'),(380,3,2,386,386,'ttttttt','ccccccccccc',0,0,0,0,1396474030,1396474030,'myuser'),(381,3,2,387,387,'ttttttt','ccccccccccc',0,0,0,0,1396474030,1396474030,'myuser'),(382,3,2,388,388,'ttttttt','ccccccccccc',0,0,0,0,1396474030,1396474030,'myuser'),(383,3,2,389,389,'ttttttt','ccccccccccc',0,0,0,0,1396474030,1396474030,'myuser'),(384,3,2,390,390,'ttttttt','ccccccccccc',0,0,0,0,1396474030,1396474030,'myuser'),(385,3,2,391,391,'ttttttt','ccccccccccc',0,0,0,0,1396474030,1396474030,'myuser'),(386,3,2,392,392,'ttttttt','ccccccccccc',0,0,0,0,1396474030,1396474030,'myuser'),(387,3,2,393,393,'ttttttt','ccccccccccc',0,0,0,0,1396474030,1396474030,'myuser'),(388,3,2,394,394,'ttttttt','ccccccccccc',0,0,0,0,1396474030,1396474030,'myuser'),(389,3,2,395,395,'ttttttt','ccccccccccc',0,0,0,0,1396474030,1396474030,'myuser'),(390,3,2,396,396,'ttttttt','ccccccccccc',0,0,0,0,1396474030,1396474030,'myuser'),(391,3,2,397,397,'ttttttt','ccccccccccc',0,0,0,0,1396474030,1396474030,'myuser'),(392,3,2,398,398,'ttttttt','ccccccccccc',0,0,0,0,1396474030,1396474030,'myuser'),(393,3,2,399,399,'ttttttt','ccccccccccc',0,0,0,0,1396474030,1396474030,'myuser'),(394,3,2,400,400,'ttttttt','ccccccccccc',0,0,0,0,1396474031,1396474031,'myuser'),(395,3,2,401,401,'ttttttt','ccccccccccc',0,0,0,0,1396474031,1396474031,'myuser'),(396,3,2,402,402,'ttttttt','ccccccccccc',0,0,0,0,1396474031,1396474031,'myuser'),(397,3,2,403,403,'ttttttt','ccccccccccc',0,0,0,0,1396474031,1396474031,'myuser'),(398,3,2,404,404,'ttttttt','ccccccccccc',0,0,0,0,1396474031,1396474031,'myuser'),(399,3,2,405,405,'ttttttt','ccccccccccc',0,0,0,0,1396474031,1396474031,'myuser'),(400,3,2,406,406,'ttttttt','ccccccccccc',0,0,0,0,1396474031,1396474031,'myuser'),(401,3,2,407,407,'ttttttt','ccccccccccc',0,0,0,0,1396474031,1396474031,'myuser'),(402,3,2,408,408,'ttttttt','ccccccccccc',0,0,0,0,1396474031,1396474031,'myuser'),(403,3,2,409,409,'ttttttt','ccccccccccc',0,0,0,0,1396474031,1396474031,'myuser'),(404,3,2,410,410,'ttttttt','ccccccccccc',0,0,0,0,1396474031,1396474031,'myuser'),(405,3,2,411,411,'ttttttt','ccccccccccc',0,0,0,0,1396474031,1396474031,'myuser'),(406,3,2,412,412,'ttttttt','ccccccccccc',0,0,0,0,1396474031,1396474031,'myuser'),(407,3,2,413,413,'ttttttt','ccccccccccc',0,0,0,0,1396474032,1396474032,'myuser'),(408,3,2,414,414,'ttttttt','ccccccccccc',0,0,0,0,1396474032,1396474032,'myuser'),(409,3,2,415,415,'ttttttt','ccccccccccc',0,0,0,0,1396474032,1396474032,'myuser'),(410,3,2,416,416,'ttttttt','ccccccccccc',0,0,0,0,1396474032,1396474032,'myuser'),(411,3,2,417,417,'ttttttt','ccccccccccc',0,0,0,0,1396474032,1396474032,'myuser'),(412,3,2,418,418,'ttttttt','ccccccccccc',0,0,0,0,1396474032,1396474032,'myuser'),(413,3,2,419,419,'ttttttt','ccccccccccc',0,0,0,0,1396474032,1396474032,'myuser'),(414,3,2,420,420,'ttttttt','ccccccccccc',0,0,0,0,1396474032,1396474032,'myuser'),(415,3,2,421,421,'ttttttt','ccccccccccc',0,0,0,0,1396474032,1396474032,'myuser'),(416,3,2,422,422,'ttttttt','ccccccccccc',0,0,0,0,1396474032,1396474032,'myuser'),(417,3,2,423,423,'ttttttt','ccccccccccc',0,0,0,0,1396474032,1396474032,'myuser'),(418,3,2,424,424,'ttttttt','ccccccccccc',0,0,0,0,1396474032,1396474032,'myuser'),(419,3,2,425,425,'ttttttt','ccccccccccc',0,0,0,0,1396474033,1396474033,'myuser'),(420,3,2,426,426,'ttttttt','ccccccccccc',0,0,0,0,1396474033,1396474033,'myuser'),(421,3,2,427,427,'ttttttt','ccccccccccc',0,0,0,0,1396474033,1396474033,'myuser'),(422,3,2,428,428,'ttttttt','ccccccccccc',0,0,0,0,1396474033,1396474033,'myuser'),(423,3,2,429,429,'ttttttt','ccccccccccc',0,0,0,0,1396474033,1396474033,'myuser'),(424,3,2,430,430,'ttttttt','ccccccccccc',0,0,0,0,1396474033,1396474033,'myuser'),(425,3,2,431,431,'ttttttt','ccccccccccc',0,0,0,0,1396474033,1396474033,'myuser'),(426,3,2,432,432,'ttttttt','ccccccccccc',0,0,0,0,1396474033,1396474033,'myuser'),(427,3,2,433,433,'ttttttt','ccccccccccc',0,0,0,0,1396474033,1396474033,'myuser'),(428,3,2,434,434,'ttttttt','ccccccccccc',0,0,0,0,1396474033,1396474033,'myuser'),(429,3,2,435,435,'ttttttt','ccccccccccc',0,0,0,0,1396474033,1396474033,'myuser'),(430,3,2,436,436,'ttttttt','ccccccccccc',0,0,0,0,1396474034,1396474034,'myuser'),(431,3,2,437,437,'ttttttt','ccccccccccc',0,0,0,0,1396474034,1396474034,'myuser'),(432,3,2,438,438,'ttttttt','ccccccccccc',0,0,0,0,1396474034,1396474034,'myuser'),(433,3,2,439,439,'ttttttt','ccccccccccc',0,0,0,0,1396474034,1396474034,'myuser'),(434,3,2,440,440,'ttttttt','ccccccccccc',0,0,0,0,1396474034,1396474034,'myuser'),(435,3,2,441,441,'ttttttt','ccccccccccc',0,0,0,0,1396474034,1396474034,'myuser'),(436,3,2,442,442,'ttttttt','ccccccccccc',0,0,0,0,1396474034,1396474034,'myuser'),(437,3,2,443,443,'ttttttt','ccccccccccc',0,0,0,0,1396474034,1396474034,'myuser'),(438,3,2,444,444,'ttttttt','ccccccccccc',0,0,0,0,1396474034,1396474034,'myuser'),(439,3,2,445,445,'ttttttt','ccccccccccc',0,0,0,0,1396474034,1396474034,'myuser'),(440,3,2,446,446,'ttttttt','ccccccccccc',0,0,0,0,1396474035,1396474035,'myuser'),(441,3,2,447,447,'ttttttt','ccccccccccc',0,0,0,0,1396474035,1396474035,'myuser'),(442,3,2,448,448,'ttttttt','ccccccccccc',0,0,0,0,1396474035,1396474035,'myuser'),(443,3,2,449,449,'ttttttt','ccccccccccc',0,0,0,0,1396474035,1396474035,'myuser'),(444,3,2,450,450,'ttttttt','ccccccccccc',0,0,0,0,1396474035,1396474035,'myuser'),(445,3,2,451,451,'ttttttt','ccccccccccc',0,0,0,0,1396474035,1396474035,'myuser'),(446,3,2,452,452,'ttttttt','ccccccccccc',0,0,0,0,1396474035,1396474035,'myuser'),(447,3,2,453,453,'ttttttt','ccccccccccc',0,0,0,0,1396474035,1396474035,'myuser'),(448,3,2,454,454,'ttttttt','ccccccccccc',0,0,0,0,1396474035,1396474035,'myuser'),(449,3,2,455,455,'ttttttt','ccccccccccc',0,0,0,0,1396474035,1396474035,'myuser'),(450,3,2,456,456,'ttttttt','ccccccccccc',0,0,0,0,1396474035,1396474035,'myuser'),(451,3,2,457,457,'ttttttt','ccccccccccc',0,0,0,0,1396474036,1396474036,'myuser'),(452,3,2,458,458,'ttttttt','ccccccccccc',0,0,0,0,1396474036,1396474036,'myuser'),(453,3,2,459,459,'ttttttt','ccccccccccc',0,0,0,0,1396474036,1396474036,'myuser'),(454,3,2,460,460,'ttttttt','ccccccccccc',0,0,0,0,1396474036,1396474036,'myuser'),(455,3,2,461,461,'ttttttt','ccccccccccc',0,0,0,0,1396474036,1396474036,'myuser'),(456,3,2,462,462,'ttttttt','ccccccccccc',0,0,0,0,1396474036,1396474036,'myuser'),(457,3,2,463,463,'ttttttt','ccccccccccc',0,0,0,0,1396474036,1396474036,'myuser'),(458,3,2,464,464,'ttttttt','ccccccccccc',0,0,0,0,1396474036,1396474036,'myuser'),(459,3,2,465,465,'ttttttt','ccccccccccc',0,0,0,0,1396474036,1396474036,'myuser'),(460,3,2,466,466,'ttttttt','ccccccccccc',0,0,0,0,1396474037,1396474037,'myuser'),(461,3,2,467,467,'ttttttt','ccccccccccc',0,0,0,0,1396474037,1396474037,'myuser'),(462,3,2,468,468,'ttttttt','ccccccccccc',0,0,0,0,1396474037,1396474037,'myuser'),(463,3,2,469,469,'ttttttt','ccccccccccc',0,0,0,0,1396474037,1396474037,'myuser'),(464,3,2,470,470,'ttttttt','ccccccccccc',0,0,0,0,1396474037,1396474037,'myuser'),(465,3,2,471,471,'ttttttt','ccccccccccc',0,0,0,0,1396474037,1396474037,'myuser'),(466,3,2,472,472,'ttttttt','ccccccccccc',0,0,0,0,1396474037,1396474037,'myuser'),(467,3,2,473,473,'ttttttt','ccccccccccc',0,0,0,0,1396474037,1396474037,'myuser'),(468,3,2,474,474,'ttttttt','ccccccccccc',0,0,0,0,1396474037,1396474037,'myuser'),(469,3,2,475,475,'ttttttt','ccccccccccc',0,0,0,0,1396474037,1396474037,'myuser'),(470,3,2,476,476,'ttttttt','ccccccccccc',0,0,0,0,1396474038,1396474038,'myuser'),(471,3,2,477,477,'ttttttt','ccccccccccc',0,0,0,0,1396474038,1396474038,'myuser'),(472,3,2,478,478,'ttttttt','ccccccccccc',0,0,0,0,1396474038,1396474038,'myuser'),(473,3,2,479,479,'ttttttt','ccccccccccc',0,0,0,0,1396474038,1396474038,'myuser'),(474,3,2,480,480,'ttttttt','ccccccccccc',0,0,0,0,1396474038,1396474038,'myuser'),(475,3,2,481,481,'ttttttt','ccccccccccc',0,0,0,0,1396474038,1396474038,'myuser'),(476,3,2,482,482,'ttttttt','ccccccccccc',0,0,0,0,1396474038,1396474038,'myuser'),(477,3,2,483,483,'ttttttt','ccccccccccc',0,0,0,0,1396474038,1396474038,'myuser'),(478,3,2,484,484,'ttttttt','ccccccccccc',0,0,0,0,1396474038,1396474038,'myuser'),(479,3,2,485,485,'ttttttt','ccccccccccc',0,0,0,0,1396474039,1396474039,'myuser'),(480,3,2,486,486,'ttttttt','ccccccccccc',0,0,0,0,1396474039,1396474039,'myuser'),(481,3,2,487,487,'ttttttt','ccccccccccc',0,0,0,0,1396474039,1396474039,'myuser'),(482,3,2,488,488,'ttttttt','ccccccccccc',0,0,0,0,1396474039,1396474039,'myuser'),(483,3,2,489,489,'ttttttt','ccccccccccc',0,0,0,0,1396474039,1396474039,'myuser'),(484,3,2,490,490,'ttttttt','ccccccccccc',0,0,0,0,1396474039,1396474039,'myuser'),(485,3,2,491,491,'ttttttt','ccccccccccc',0,0,0,0,1396474039,1396474039,'myuser'),(486,3,2,492,492,'ttttttt','ccccccccccc',0,0,0,0,1396474039,1396474039,'myuser'),(487,3,2,493,493,'ttttttt','ccccccccccc',0,0,0,0,1396474040,1396474040,'myuser'),(488,3,2,494,494,'ttttttt','ccccccccccc',0,0,0,0,1396474040,1396474040,'myuser'),(489,3,2,495,495,'ttttttt','ccccccccccc',0,0,0,0,1396474040,1396474040,'myuser'),(490,3,2,496,496,'ttttttt','ccccccccccc',0,0,0,0,1396474040,1396474040,'myuser'),(491,3,2,497,497,'ttttttt','ccccccccccc',0,0,0,0,1396474040,1396474040,'myuser'),(492,3,2,498,498,'ttttttt','ccccccccccc',0,0,0,0,1396474040,1396474040,'myuser'),(493,3,2,499,499,'ttttttt','ccccccccccc',0,0,0,0,1396474040,1396474040,'myuser'),(494,3,2,500,500,'ttttttt','ccccccccccc',0,0,0,0,1396474040,1396474040,'myuser'),(495,3,2,501,501,'ttttttt','ccccccccccc',0,0,0,0,1396474040,1396474040,'myuser'),(496,3,2,502,502,'ttttttt','ccccccccccc',0,0,0,0,1396474041,1396474041,'myuser'),(497,3,2,503,503,'ttttttt','ccccccccccc',0,0,0,0,1396474041,1396474041,'myuser'),(498,3,2,504,504,'ttttttt','ccccccccccc',0,0,0,0,1396474041,1396474041,'myuser'),(499,3,2,505,505,'ttttttt','ccccccccccc',0,0,0,0,1396474041,1396474041,'myuser'),(500,3,2,506,506,'ttttttt','ccccccccccc',0,0,0,0,1396474041,1396474041,'myuser'),(501,3,2,507,507,'ttttttt','ccccccccccc',0,0,0,0,1396474041,1396474041,'myuser'),(502,3,2,508,508,'ttttttt','ccccccccccc',0,0,0,0,1396474041,1396474041,'myuser'),(503,3,2,509,509,'ttttttt','ccccccccccc',0,0,0,0,1396474041,1396474041,'myuser'),(504,3,2,510,510,'ttttttt','ccccccccccc',0,0,0,0,1396474042,1396474042,'myuser'),(505,3,2,511,511,'ttttttt','ccccccccccc',0,0,0,0,1396474042,1396474042,'myuser'),(506,3,2,512,512,'ttttttt','ccccccccccc',0,0,0,0,1396474042,1396474042,'myuser'),(507,3,2,513,513,'ttttttt','ccccccccccc',0,0,0,0,1396474042,1396474042,'myuser'),(508,3,2,514,514,'ttttttt','ccccccccccc',0,0,0,0,1396474042,1396474042,'myuser'),(509,3,2,515,515,'ttttttt','ccccccccccc',0,0,0,0,1396474042,1396474042,'myuser'),(510,3,2,516,516,'ttttttt','ccccccccccc',0,0,0,0,1396474042,1396474042,'myuser'),(511,3,2,517,517,'ttttttt','ccccccccccc',0,0,0,0,1396474042,1396474042,'myuser'),(512,3,2,518,518,'ttttttt','ccccccccccc',0,0,0,0,1396474043,1396474043,'myuser'),(513,3,2,519,519,'ttttttt','ccccccccccc',0,0,0,0,1396474043,1396474043,'myuser'),(514,3,2,520,520,'ttttttt','ccccccccccc',0,0,0,0,1396474043,1396474043,'myuser'),(515,3,2,521,521,'ttttttt','ccccccccccc',0,0,0,0,1396474043,1396474043,'myuser'),(516,3,2,522,522,'ttttttt','ccccccccccc',0,0,0,0,1396474043,1396474043,'myuser'),(517,3,2,523,523,'ttttttt','ccccccccccc',0,0,0,0,1396474043,1396474043,'myuser'),(518,3,2,524,524,'ttttttt','ccccccccccc',0,0,0,0,1396474043,1396474043,'myuser'),(519,3,2,525,525,'ttttttt','ccccccccccc',0,0,0,0,1396474043,1396474043,'myuser'),(520,3,2,526,526,'ttttttt','ccccccccccc',0,0,0,0,1396474044,1396474044,'myuser'),(521,3,2,527,527,'ttttttt','ccccccccccc',0,0,0,0,1396474044,1396474044,'myuser'),(522,3,2,528,528,'ttttttt','ccccccccccc',0,0,0,0,1396474044,1396474044,'myuser'),(523,3,2,529,529,'ttttttt','ccccccccccc',0,0,0,0,1396474044,1396474044,'myuser'),(524,3,2,530,530,'ttttttt','ccccccccccc',0,0,0,0,1396474044,1396474044,'myuser'),(525,3,2,531,531,'ttttttt','ccccccccccc',0,0,0,0,1396474044,1396474044,'myuser'),(526,3,2,532,532,'ttttttt','ccccccccccc',0,0,0,0,1396474077,1396474077,'myuser'),(527,3,2,533,533,'ttttttt','ccccccccccc',0,0,0,0,1396474077,1396474077,'myuser'),(528,3,2,534,534,'ttttttt','ccccccccccc',0,0,0,0,1396474077,1396474077,'myuser'),(529,3,2,535,535,'ttttttt','ccccccccccc',0,0,0,0,1396474077,1396474077,'myuser'),(530,3,2,536,536,'ttttttt','ccccccccccc',0,0,0,0,1396474077,1396474077,'myuser'),(531,3,2,537,537,'ttttttt','ccccccccccc',0,0,0,0,1396474077,1396474077,'myuser'),(532,3,2,538,538,'ttttttt','ccccccccccc',0,0,0,0,1396474077,1396474077,'myuser'),(533,3,2,539,539,'ttttttt','ccccccccccc',0,0,0,0,1396474077,1396474077,'myuser'),(534,3,2,540,540,'ttttttt','ccccccccccc',0,0,0,0,1396474077,1396474077,'myuser'),(535,3,2,541,541,'ttttttt','ccccccccccc',0,0,0,0,1396474077,1396474077,'myuser'),(536,3,2,542,542,'ttttttt','ccccccccccc',0,0,0,0,1396474077,1396474077,'myuser'),(537,3,2,543,543,'ttttttt','ccccccccccc',0,0,0,0,1396474077,1396474077,'myuser'),(538,3,2,544,544,'ttttttt','ccccccccccc',0,0,0,0,1396474077,1396474077,'myuser'),(539,3,2,545,545,'ttttttt','ccccccccccc',0,0,0,0,1396474077,1396474077,'myuser'),(540,3,2,546,546,'ttttttt','ccccccccccc',0,0,0,0,1396474077,1396474077,'myuser'),(541,3,2,547,547,'ttttttt','ccccccccccc',0,0,0,0,1396474077,1396474077,'myuser'),(542,3,2,548,548,'ttttttt','ccccccccccc',0,0,0,0,1396474077,1396474077,'myuser'),(543,3,2,549,549,'ttttttt','ccccccccccc',0,0,0,0,1396474077,1396474077,'myuser'),(544,3,2,550,550,'ttttttt','ccccccccccc',0,0,0,0,1396474077,1396474077,'myuser'),(545,3,2,551,551,'ttttttt','ccccccccccc',0,0,0,0,1396474077,1396474077,'myuser'),(546,3,2,552,552,'ttttttt','ccccccccccc',0,0,0,0,1396474077,1396474077,'myuser'),(547,3,2,553,553,'ttttttt','ccccccccccc',0,0,0,0,1396474077,1396474077,'myuser'),(548,3,2,554,554,'ttttttt','ccccccccccc',0,0,0,0,1396474077,1396474077,'myuser'),(549,3,2,555,555,'ttttttt','ccccccccccc',0,0,0,0,1396474077,1396474077,'myuser'),(550,3,2,556,556,'ttttttt','ccccccccccc',0,0,0,0,1396474077,1396474077,'myuser'),(551,3,2,557,557,'ttttttt','ccccccccccc',0,0,0,0,1396474077,1396474077,'myuser'),(552,3,2,558,558,'ttttttt','ccccccccccc',0,0,0,0,1396474077,1396474077,'myuser'),(553,3,2,559,559,'ttttttt','ccccccccccc',0,0,0,0,1396474078,1396474078,'myuser'),(554,3,2,560,560,'ttttttt','ccccccccccc',0,0,0,0,1396474078,1396474078,'myuser'),(555,3,2,561,561,'ttttttt','ccccccccccc',0,0,0,0,1396474078,1396474078,'myuser'),(556,3,2,562,562,'ttttttt','ccccccccccc',0,0,0,0,1396474078,1396474078,'myuser'),(557,3,2,563,563,'ttttttt','ccccccccccc',0,0,0,0,1396474078,1396474078,'myuser'),(558,3,2,564,564,'ttttttt','ccccccccccc',0,0,0,0,1396474078,1396474078,'myuser'),(559,3,2,565,565,'ttttttt','ccccccccccc',0,0,0,0,1396474078,1396474078,'myuser'),(560,3,2,566,566,'ttttttt','ccccccccccc',0,0,0,0,1396474078,1396474078,'myuser'),(561,3,2,567,567,'ttttttt','ccccccccccc',0,0,0,0,1396474078,1396474078,'myuser'),(562,3,2,568,568,'ttttttt','ccccccccccc',0,0,0,0,1396474078,1396474078,'myuser'),(563,3,2,569,569,'ttttttt','ccccccccccc',0,0,0,0,1396474078,1396474078,'myuser'),(564,3,2,570,570,'ttttttt','ccccccccccc',0,0,0,0,1396474078,1396474078,'myuser'),(565,3,2,571,571,'ttttttt','ccccccccccc',0,0,0,0,1396474078,1396474078,'myuser'),(566,3,2,572,572,'ttttttt','ccccccccccc',0,0,0,0,1396474078,1396474078,'myuser'),(567,3,2,573,573,'ttttttt','ccccccccccc',0,0,0,0,1396474078,1396474078,'myuser'),(568,3,2,574,574,'ttttttt','ccccccccccc',0,0,0,0,1396474078,1396474078,'myuser'),(569,3,2,575,575,'ttttttt','ccccccccccc',0,0,0,0,1396474078,1396474078,'myuser'),(570,3,2,576,576,'ttttttt','ccccccccccc',0,0,0,0,1396474078,1396474078,'myuser'),(571,3,2,577,577,'ttttttt','ccccccccccc',0,0,0,0,1396474078,1396474078,'myuser'),(572,3,2,578,578,'ttttttt','ccccccccccc',0,0,0,0,1396474078,1396474078,'myuser'),(573,3,2,579,579,'ttttttt','ccccccccccc',0,0,0,0,1396474078,1396474078,'myuser'),(574,3,2,580,580,'ttttttt','ccccccccccc',0,0,0,0,1396474078,1396474078,'myuser'),(575,3,2,581,581,'ttttttt','ccccccccccc',0,0,0,0,1396474078,1396474078,'myuser'),(576,3,2,582,582,'ttttttt','ccccccccccc',0,0,0,0,1396474078,1396474078,'myuser'),(577,3,2,583,583,'ttttttt','ccccccccccc',0,0,0,0,1396474078,1396474078,'myuser'),(578,3,2,584,584,'ttttttt','ccccccccccc',0,0,0,0,1396474078,1396474078,'myuser'),(579,3,2,585,585,'ttttttt','ccccccccccc',0,0,0,0,1396474078,1396474078,'myuser'),(580,3,2,586,586,'ttttttt','ccccccccccc',0,0,0,0,1396474078,1396474078,'myuser'),(581,3,2,587,587,'ttttttt','ccccccccccc',0,0,0,0,1396474078,1396474078,'myuser'),(582,3,2,588,588,'ttttttt','ccccccccccc',0,0,0,0,1396474078,1396474078,'myuser'),(583,3,2,589,589,'ttttttt','ccccccccccc',0,0,0,0,1396474078,1396474078,'myuser'),(584,3,2,590,590,'ttttttt','ccccccccccc',0,0,0,0,1396474078,1396474078,'myuser'),(585,3,2,591,591,'ttttttt','ccccccccccc',0,0,0,0,1396474078,1396474078,'myuser'),(586,3,2,592,592,'ttttttt','ccccccccccc',0,0,0,0,1396474078,1396474078,'myuser'),(587,3,2,593,593,'ttttttt','ccccccccccc',0,0,0,0,1396474078,1396474078,'myuser'),(588,3,2,594,594,'ttttttt','ccccccccccc',0,0,0,0,1396474078,1396474078,'myuser'),(589,3,2,595,595,'ttttttt','ccccccccccc',0,0,0,0,1396474079,1396474079,'myuser'),(590,3,2,596,596,'ttttttt','ccccccccccc',0,0,0,0,1396474079,1396474079,'myuser'),(591,3,2,597,597,'ttttttt','ccccccccccc',0,0,0,0,1396474079,1396474079,'myuser'),(592,3,2,598,598,'ttttttt','ccccccccccc',0,0,0,0,1396474079,1396474079,'myuser'),(593,3,2,599,599,'ttttttt','ccccccccccc',0,0,0,0,1396474079,1396474079,'myuser'),(594,3,2,600,600,'ttttttt','ccccccccccc',0,0,0,0,1396474079,1396474079,'myuser'),(595,3,2,601,601,'ttttttt','ccccccccccc',0,0,0,0,1396474079,1396474079,'myuser'),(596,3,2,602,602,'ttttttt','ccccccccccc',0,0,0,0,1396474079,1396474079,'myuser'),(597,3,2,603,603,'ttttttt','ccccccccccc',0,0,0,0,1396474079,1396474079,'myuser'),(598,3,2,604,604,'ttttttt','ccccccccccc',0,0,0,0,1396474079,1396474079,'myuser'),(599,3,2,605,605,'ttttttt','ccccccccccc',0,0,0,0,1396474079,1396474079,'myuser'),(600,3,2,606,606,'ttttttt','ccccccccccc',0,0,0,0,1396474079,1396474079,'myuser'),(601,3,2,607,607,'ttttttt','ccccccccccc',0,0,0,0,1396474079,1396474079,'myuser'),(602,3,2,608,608,'ttttttt','ccccccccccc',0,0,0,0,1396474079,1396474079,'myuser'),(603,3,2,609,609,'ttttttt','ccccccccccc',0,0,0,0,1396474079,1396474079,'myuser'),(604,3,2,610,610,'ttttttt','ccccccccccc',0,0,0,0,1396474079,1396474079,'myuser'),(605,3,2,611,611,'ttttttt','ccccccccccc',0,0,0,0,1396474079,1396474079,'myuser'),(606,3,2,612,612,'ttttttt','ccccccccccc',0,0,0,0,1396474079,1396474079,'myuser'),(607,3,2,613,613,'ttttttt','ccccccccccc',0,0,0,0,1396474079,1396474079,'myuser'),(608,3,2,614,614,'ttttttt','ccccccccccc',0,0,0,0,1396474079,1396474079,'myuser'),(609,3,2,615,615,'ttttttt','ccccccccccc',0,0,0,0,1396474079,1396474079,'myuser'),(610,3,2,616,616,'ttttttt','ccccccccccc',0,0,0,0,1396474079,1396474079,'myuser'),(611,3,2,617,617,'ttttttt','ccccccccccc',0,0,0,0,1396474079,1396474079,'myuser'),(612,3,2,618,618,'ttttttt','ccccccccccc',0,0,0,0,1396474079,1396474079,'myuser'),(613,3,2,619,619,'ttttttt','ccccccccccc',0,0,0,0,1396474079,1396474079,'myuser'),(614,3,2,620,620,'ttttttt','ccccccccccc',0,0,0,0,1396474080,1396474080,'myuser'),(615,3,2,621,621,'ttttttt','ccccccccccc',0,0,0,0,1396474080,1396474080,'myuser'),(616,3,2,622,622,'ttttttt','ccccccccccc',0,0,0,0,1396474080,1396474080,'myuser'),(617,3,2,623,623,'ttttttt','ccccccccccc',0,0,0,0,1396474080,1396474080,'myuser'),(618,3,2,624,624,'ttttttt','ccccccccccc',0,0,0,0,1396474080,1396474080,'myuser'),(619,3,2,625,625,'ttttttt','ccccccccccc',0,0,0,0,1396474080,1396474080,'myuser'),(620,3,2,626,626,'ttttttt','ccccccccccc',0,0,0,0,1396474080,1396474080,'myuser'),(621,3,2,627,627,'ttttttt','ccccccccccc',0,0,0,0,1396474080,1396474080,'myuser'),(622,3,2,628,628,'ttttttt','ccccccccccc',0,0,0,0,1396474080,1396474080,'myuser'),(623,3,2,629,629,'ttttttt','ccccccccccc',0,0,0,0,1396474080,1396474080,'myuser'),(624,3,2,630,630,'ttttttt','ccccccccccc',0,0,0,0,1396474080,1396474080,'myuser'),(625,3,2,631,631,'ttttttt','ccccccccccc',0,0,0,0,1396474080,1396474080,'myuser'),(626,3,2,632,632,'ttttttt','ccccccccccc',0,0,0,0,1396474080,1396474080,'myuser'),(627,3,2,633,633,'ttttttt','ccccccccccc',0,0,0,0,1396474080,1396474080,'myuser'),(628,3,2,634,634,'ttttttt','ccccccccccc',0,0,0,0,1396474080,1396474080,'myuser'),(629,3,2,635,635,'ttttttt','ccccccccccc',0,0,0,0,1396474080,1396474080,'myuser'),(630,3,2,636,636,'ttttttt','ccccccccccc',0,0,0,0,1396474080,1396474080,'myuser'),(631,3,2,637,637,'ttttttt','ccccccccccc',0,0,0,0,1396474080,1396474080,'myuser'),(632,3,2,638,638,'ttttttt','ccccccccccc',0,0,0,0,1396474080,1396474080,'myuser'),(633,3,2,639,639,'ttttttt','ccccccccccc',0,0,0,0,1396474080,1396474080,'myuser'),(634,3,2,640,640,'ttttttt','ccccccccccc',0,0,0,0,1396474080,1396474080,'myuser'),(635,3,2,641,641,'ttttttt','ccccccccccc',0,0,0,0,1396474081,1396474081,'myuser'),(636,3,2,642,642,'ttttttt','ccccccccccc',0,0,0,0,1396474081,1396474081,'myuser'),(637,3,2,643,643,'ttttttt','ccccccccccc',0,0,0,0,1396474081,1396474081,'myuser'),(638,3,2,644,644,'ttttttt','ccccccccccc',0,0,0,0,1396474081,1396474081,'myuser'),(639,3,2,645,645,'ttttttt','ccccccccccc',0,0,0,0,1396474081,1396474081,'myuser'),(640,3,2,646,646,'ttttttt','ccccccccccc',0,0,0,0,1396474081,1396474081,'myuser'),(641,3,2,647,647,'ttttttt','ccccccccccc',0,0,0,0,1396474081,1396474081,'myuser'),(642,3,2,648,648,'ttttttt','ccccccccccc',0,0,0,0,1396474081,1396474081,'myuser'),(643,3,2,649,649,'ttttttt','ccccccccccc',0,0,0,0,1396474081,1396474081,'myuser'),(644,3,2,650,650,'ttttttt','ccccccccccc',0,0,0,0,1396474081,1396474081,'myuser'),(645,3,2,651,651,'ttttttt','ccccccccccc',0,0,0,0,1396474081,1396474081,'myuser'),(646,3,2,652,652,'ttttttt','ccccccccccc',0,0,0,0,1396474081,1396474081,'myuser'),(647,3,2,653,653,'ttttttt','ccccccccccc',0,0,0,0,1396474081,1396474081,'myuser'),(648,3,2,654,654,'ttttttt','ccccccccccc',0,0,0,0,1396474081,1396474081,'myuser'),(649,3,2,655,655,'ttttttt','ccccccccccc',0,0,0,0,1396474081,1396474081,'myuser'),(650,3,2,656,656,'ttttttt','ccccccccccc',0,0,0,0,1396474081,1396474081,'myuser'),(651,3,2,657,657,'ttttttt','ccccccccccc',0,0,0,0,1396474081,1396474081,'myuser'),(652,3,2,658,658,'ttttttt','ccccccccccc',0,0,0,0,1396474081,1396474081,'myuser'),(653,3,2,659,659,'ttttttt','ccccccccccc',0,0,0,0,1396474082,1396474082,'myuser'),(654,3,2,660,660,'ttttttt','ccccccccccc',0,0,0,0,1396474082,1396474082,'myuser'),(655,3,2,661,661,'ttttttt','ccccccccccc',0,0,0,0,1396474082,1396474082,'myuser'),(656,3,2,662,662,'ttttttt','ccccccccccc',0,0,0,0,1396474082,1396474082,'myuser'),(657,3,2,663,663,'ttttttt','ccccccccccc',0,0,0,0,1396474082,1396474082,'myuser'),(658,3,2,664,664,'ttttttt','ccccccccccc',0,0,0,0,1396474082,1396474082,'myuser'),(659,3,2,665,665,'ttttttt','ccccccccccc',0,0,0,0,1396474082,1396474082,'myuser'),(660,3,2,666,666,'ttttttt','ccccccccccc',0,0,0,0,1396474082,1396474082,'myuser'),(661,3,2,667,667,'ttttttt','ccccccccccc',0,0,0,0,1396474082,1396474082,'myuser'),(662,3,2,668,668,'ttttttt','ccccccccccc',0,0,0,0,1396474082,1396474082,'myuser'),(663,3,2,669,669,'ttttttt','ccccccccccc',0,0,0,0,1396474082,1396474082,'myuser'),(664,3,2,670,670,'ttttttt','ccccccccccc',0,0,0,0,1396474082,1396474082,'myuser'),(665,3,2,671,671,'ttttttt','ccccccccccc',0,0,0,0,1396474082,1396474082,'myuser'),(666,3,2,672,672,'ttttttt','ccccccccccc',0,0,0,0,1396474082,1396474082,'myuser'),(667,3,2,673,673,'ttttttt','ccccccccccc',0,0,0,0,1396474082,1396474082,'myuser'),(668,3,2,674,674,'ttttttt','ccccccccccc',0,0,0,0,1396474082,1396474082,'myuser'),(669,3,2,675,675,'ttttttt','ccccccccccc',0,0,0,0,1396474083,1396474083,'myuser'),(670,3,2,676,676,'ttttttt','ccccccccccc',0,0,0,0,1396474083,1396474083,'myuser'),(671,3,2,677,677,'ttttttt','ccccccccccc',0,0,0,0,1396474083,1396474083,'myuser'),(672,3,2,678,678,'ttttttt','ccccccccccc',0,0,0,0,1396474083,1396474083,'myuser'),(673,3,2,679,679,'ttttttt','ccccccccccc',0,0,0,0,1396474083,1396474083,'myuser'),(674,3,2,680,680,'ttttttt','ccccccccccc',0,0,0,0,1396474083,1396474083,'myuser'),(675,3,2,681,681,'ttttttt','ccccccccccc',0,0,0,0,1396474083,1396474083,'myuser'),(676,3,2,682,682,'ttttttt','ccccccccccc',0,0,0,0,1396474083,1396474083,'myuser'),(677,3,2,683,683,'ttttttt','ccccccccccc',0,0,0,0,1396474083,1396474083,'myuser'),(678,3,2,684,684,'ttttttt','ccccccccccc',0,0,0,0,1396474083,1396474083,'myuser'),(679,3,2,685,685,'ttttttt','ccccccccccc',0,0,0,0,1396474083,1396474083,'myuser'),(680,3,2,686,686,'ttttttt','ccccccccccc',0,0,0,0,1396474083,1396474083,'myuser'),(681,3,2,687,687,'ttttttt','ccccccccccc',0,0,0,0,1396474083,1396474083,'myuser'),(682,3,2,688,688,'ttttttt','ccccccccccc',0,0,0,0,1396474083,1396474083,'myuser'),(683,3,2,689,689,'ttttttt','ccccccccccc',0,0,0,0,1396474084,1396474084,'myuser'),(684,3,2,690,690,'ttttttt','ccccccccccc',0,0,0,0,1396474084,1396474084,'myuser'),(685,3,2,691,691,'ttttttt','ccccccccccc',0,0,0,0,1396474084,1396474084,'myuser'),(686,3,2,692,692,'ttttttt','ccccccccccc',0,0,0,0,1396474084,1396474084,'myuser'),(687,3,2,693,693,'ttttttt','ccccccccccc',0,0,0,0,1396474084,1396474084,'myuser'),(688,3,2,694,694,'ttttttt','ccccccccccc',0,0,0,0,1396474084,1396474084,'myuser'),(689,3,2,695,695,'ttttttt','ccccccccccc',0,0,0,0,1396474084,1396474084,'myuser'),(690,3,2,696,696,'ttttttt','ccccccccccc',0,0,0,0,1396474084,1396474084,'myuser'),(691,3,2,697,697,'ttttttt','ccccccccccc',0,0,0,0,1396474084,1396474084,'myuser'),(692,3,2,698,698,'ttttttt','ccccccccccc',0,0,0,0,1396474084,1396474084,'myuser'),(693,3,2,699,699,'ttttttt','ccccccccccc',0,0,0,0,1396474084,1396474084,'myuser'),(694,3,2,700,700,'ttttttt','ccccccccccc',0,0,0,0,1396474084,1396474084,'myuser'),(695,3,2,701,701,'ttttttt','ccccccccccc',0,0,0,0,1396474084,1396474084,'myuser'),(696,3,2,702,702,'ttttttt','ccccccccccc',0,0,0,0,1396474085,1396474085,'myuser'),(697,3,2,703,703,'ttttttt','ccccccccccc',0,0,0,0,1396474085,1396474085,'myuser'),(698,3,2,704,704,'ttttttt','ccccccccccc',0,0,0,0,1396474085,1396474085,'myuser'),(699,3,2,705,705,'ttttttt','ccccccccccc',0,0,0,0,1396474085,1396474085,'myuser'),(700,3,2,706,706,'ttttttt','ccccccccccc',0,0,0,0,1396474085,1396474085,'myuser'),(701,3,2,707,707,'ttttttt','ccccccccccc',0,0,0,0,1396474085,1396474085,'myuser'),(702,3,2,708,708,'ttttttt','ccccccccccc',0,0,0,0,1396474085,1396474085,'myuser'),(703,3,2,709,709,'ttttttt','ccccccccccc',0,0,0,0,1396474085,1396474085,'myuser'),(704,3,2,710,710,'ttttttt','ccccccccccc',0,0,0,0,1396474085,1396474085,'myuser'),(705,3,2,711,711,'ttttttt','ccccccccccc',0,0,0,0,1396474085,1396474085,'myuser'),(706,3,2,712,712,'ttttttt','ccccccccccc',0,0,0,0,1396474085,1396474085,'myuser'),(707,3,2,713,713,'ttttttt','ccccccccccc',0,0,0,0,1396474085,1396474085,'myuser'),(708,3,2,714,714,'ttttttt','ccccccccccc',0,0,0,0,1396474086,1396474086,'myuser'),(709,3,2,715,715,'ttttttt','ccccccccccc',0,0,0,0,1396474086,1396474086,'myuser'),(710,3,2,716,716,'ttttttt','ccccccccccc',0,0,0,0,1396474086,1396474086,'myuser'),(711,3,2,717,717,'ttttttt','ccccccccccc',0,0,0,0,1396474086,1396474086,'myuser'),(712,3,2,718,718,'ttttttt','ccccccccccc',0,0,0,0,1396474086,1396474086,'myuser'),(713,3,2,719,719,'ttttttt','ccccccccccc',0,0,0,0,1396474086,1396474086,'myuser'),(714,3,2,720,720,'ttttttt','ccccccccccc',0,0,0,0,1396474086,1396474086,'myuser'),(715,3,2,721,721,'ttttttt','ccccccccccc',0,0,0,0,1396474086,1396474086,'myuser'),(716,3,2,722,722,'ttttttt','ccccccccccc',0,0,0,0,1396474086,1396474086,'myuser'),(717,3,2,723,723,'ttttttt','ccccccccccc',0,0,0,0,1396474086,1396474086,'myuser'),(718,3,2,724,724,'ttttttt','ccccccccccc',0,0,0,0,1396474086,1396474086,'myuser'),(719,3,2,725,725,'ttttttt','ccccccccccc',0,0,0,0,1396474086,1396474086,'myuser'),(720,3,2,726,726,'ttttttt','ccccccccccc',0,0,0,0,1396474087,1396474087,'myuser'),(721,3,2,727,727,'ttttttt','ccccccccccc',0,0,0,0,1396474087,1396474087,'myuser'),(722,3,2,728,728,'ttttttt','ccccccccccc',0,0,0,0,1396474087,1396474087,'myuser'),(723,3,2,729,729,'ttttttt','ccccccccccc',0,0,0,0,1396474087,1396474087,'myuser'),(724,3,2,730,730,'ttttttt','ccccccccccc',0,0,0,0,1396474087,1396474087,'myuser'),(725,3,2,731,731,'ttttttt','ccccccccccc',0,0,0,0,1396474087,1396474087,'myuser'),(726,3,2,732,732,'ttttttt','ccccccccccc',0,0,0,0,1396474087,1396474087,'myuser'),(727,3,2,733,733,'ttttttt','ccccccccccc',0,0,0,0,1396474087,1396474087,'myuser'),(728,3,2,734,734,'ttttttt','ccccccccccc',0,0,0,0,1396474087,1396474087,'myuser'),(729,3,2,735,735,'ttttttt','ccccccccccc',0,0,0,0,1396474087,1396474087,'myuser'),(730,3,2,736,736,'ttttttt','ccccccccccc',0,0,0,0,1396474087,1396474087,'myuser'),(731,3,2,737,737,'ttttttt','ccccccccccc',0,0,0,0,1396474088,1396474088,'myuser'),(732,3,2,738,738,'ttttttt','ccccccccccc',0,0,0,0,1396474088,1396474088,'myuser'),(733,3,2,739,739,'ttttttt','ccccccccccc',0,0,0,0,1396474088,1396474088,'myuser'),(734,3,2,740,740,'ttttttt','ccccccccccc',0,0,0,0,1396474088,1396474088,'myuser'),(735,3,2,741,741,'ttttttt','ccccccccccc',0,0,0,0,1396474088,1396474088,'myuser'),(736,3,2,742,742,'ttttttt','ccccccccccc',0,0,0,0,1396474088,1396474088,'myuser'),(737,3,2,743,743,'ttttttt','ccccccccccc',0,0,0,0,1396474088,1396474088,'myuser'),(738,3,2,744,744,'ttttttt','ccccccccccc',0,0,0,0,1396474088,1396474088,'myuser'),(739,3,2,745,745,'ttttttt','ccccccccccc',0,0,0,0,1396474088,1396474088,'myuser'),(740,3,2,746,746,'ttttttt','ccccccccccc',0,0,0,0,1396474088,1396474088,'myuser'),(741,3,2,747,747,'ttttttt','ccccccccccc',0,0,0,0,1396474088,1396474088,'myuser'),(742,3,2,748,748,'ttttttt','ccccccccccc',0,0,0,0,1396474089,1396474089,'myuser'),(743,3,2,749,749,'ttttttt','ccccccccccc',0,0,0,0,1396474089,1396474089,'myuser'),(744,3,2,750,750,'ttttttt','ccccccccccc',0,0,0,0,1396474089,1396474089,'myuser'),(745,3,2,751,751,'ttttttt','ccccccccccc',0,0,0,0,1396474089,1396474089,'myuser'),(746,3,2,752,752,'ttttttt','ccccccccccc',0,0,0,0,1396474089,1396474089,'myuser'),(747,3,2,753,753,'ttttttt','ccccccccccc',0,0,0,0,1396474089,1396474089,'myuser'),(748,3,2,754,754,'ttttttt','ccccccccccc',0,0,0,0,1396474089,1396474089,'myuser'),(749,3,2,755,755,'ttttttt','ccccccccccc',0,0,0,0,1396474089,1396474089,'myuser'),(750,3,2,756,756,'ttttttt','ccccccccccc',0,0,0,0,1396474089,1396474089,'myuser'),(751,3,2,757,757,'ttttttt','ccccccccccc',0,0,0,0,1396474089,1396474089,'myuser'),(752,3,2,758,758,'ttttttt','ccccccccccc',0,0,0,0,1396474090,1396474090,'myuser'),(753,3,2,759,759,'ttttttt','ccccccccccc',0,0,0,0,1396474090,1396474090,'myuser'),(754,3,2,760,760,'ttttttt','ccccccccccc',0,0,0,0,1396474090,1396474090,'myuser'),(755,3,2,761,761,'ttttttt','ccccccccccc',0,0,0,0,1396474090,1396474090,'myuser'),(756,3,2,762,762,'ttttttt','ccccccccccc',0,0,0,0,1396474090,1396474090,'myuser'),(757,3,2,763,763,'ttttttt','ccccccccccc',0,0,0,0,1396474090,1396474090,'myuser'),(758,3,2,764,764,'ttttttt','ccccccccccc',0,0,0,0,1396474090,1396474090,'myuser'),(759,3,2,765,765,'ttttttt','ccccccccccc',0,0,0,0,1396474090,1396474090,'myuser'),(760,3,2,766,766,'ttttttt','ccccccccccc',0,0,0,0,1396474090,1396474090,'myuser'),(761,3,2,767,767,'ttttttt','ccccccccccc',0,0,0,0,1396474090,1396474090,'myuser'),(762,3,2,768,768,'ttttttt','ccccccccccc',0,0,0,0,1396474091,1396474091,'myuser'),(763,3,2,769,769,'ttttttt','ccccccccccc',0,0,0,0,1396474091,1396474091,'myuser'),(764,3,2,770,770,'ttttttt','ccccccccccc',0,0,0,0,1396474091,1396474091,'myuser'),(765,3,2,771,771,'ttttttt','ccccccccccc',0,0,0,0,1396474091,1396474091,'myuser'),(766,3,2,772,772,'ttttttt','ccccccccccc',0,0,0,0,1396474091,1396474091,'myuser'),(767,3,2,773,773,'ttttttt','ccccccccccc',0,0,0,0,1396474091,1396474091,'myuser'),(768,3,2,774,774,'ttttttt','ccccccccccc',0,0,0,0,1396474091,1396474091,'myuser'),(769,3,2,775,775,'ttttttt','ccccccccccc',0,0,0,0,1396474091,1396474091,'myuser'),(770,3,2,776,776,'ttttttt','ccccccccccc',0,0,0,0,1396474091,1396474091,'myuser'),(771,3,2,777,777,'ttttttt','ccccccccccc',0,0,0,0,1396474092,1396474092,'myuser'),(772,3,2,778,778,'ttttttt','ccccccccccc',0,0,0,0,1396474092,1396474092,'myuser'),(773,3,2,779,779,'ttttttt','ccccccccccc',0,0,0,0,1396474092,1396474092,'myuser'),(774,3,2,780,780,'ttttttt','ccccccccccc',0,0,0,0,1396474092,1396474092,'myuser'),(775,3,2,781,781,'ttttttt','ccccccccccc',0,0,0,0,1396474092,1396474092,'myuser'),(776,3,2,782,782,'ttttttt','ccccccccccc',0,0,0,0,1396474092,1396474092,'myuser'),(777,3,2,783,783,'ttttttt','ccccccccccc',0,0,0,0,1396474092,1396474092,'myuser'),(778,3,2,784,784,'ttttttt','ccccccccccc',0,0,0,0,1396474092,1396474092,'myuser'),(779,3,2,785,785,'ttttttt','ccccccccccc',0,0,0,0,1396474092,1396474092,'myuser'),(780,3,2,786,786,'ttttttt','ccccccccccc',0,0,0,0,1396474093,1396474093,'myuser'),(781,3,2,787,787,'ttttttt','ccccccccccc',0,0,0,0,1396474093,1396474093,'myuser'),(782,3,2,788,788,'ttttttt','ccccccccccc',0,0,0,0,1396474093,1396474093,'myuser'),(783,3,2,789,789,'ttttttt','ccccccccccc',0,0,0,0,1396474093,1396474093,'myuser'),(784,3,2,790,790,'ttttttt','ccccccccccc',0,0,0,0,1396474093,1396474093,'myuser'),(785,3,2,791,791,'ttttttt','ccccccccccc',0,0,0,0,1396474093,1396474093,'myuser'),(786,3,2,792,792,'ttttttt','ccccccccccc',0,0,0,0,1396474093,1396474093,'myuser'),(787,3,2,793,793,'ttttttt','ccccccccccc',0,0,0,0,1396474093,1396474093,'myuser'),(788,3,2,794,794,'ttttttt','ccccccccccc',0,0,0,0,1396474093,1396474093,'myuser'),(789,3,2,795,795,'ttttttt','ccccccccccc',0,0,0,0,1396474094,1396474094,'myuser'),(790,3,2,796,796,'ttttttt','ccccccccccc',0,0,0,0,1396474094,1396474094,'myuser'),(791,3,2,797,797,'ttttttt','ccccccccccc',0,0,0,0,1396474094,1396474094,'myuser'),(792,3,2,798,798,'ttttttt','ccccccccccc',0,0,0,0,1396474094,1396474094,'myuser'),(793,3,2,799,799,'ttttttt','ccccccccccc',0,0,0,0,1396474094,1396474094,'myuser'),(794,3,2,800,800,'ttttttt','ccccccccccc',0,0,0,0,1396474094,1396474094,'myuser'),(795,3,2,801,801,'ttttttt','ccccccccccc',0,0,0,0,1396474094,1396474094,'myuser'),(796,3,2,802,802,'ttttttt','ccccccccccc',0,0,0,0,1396474094,1396474094,'myuser'),(797,3,2,803,803,'ttttttt','ccccccccccc',0,0,0,0,1396474094,1396474094,'myuser'),(798,3,2,804,804,'ttttttt','ccccccccccc',0,0,0,0,1396474095,1396474095,'myuser'),(799,3,2,805,805,'ttttttt','ccccccccccc',0,0,0,0,1396474095,1396474095,'myuser'),(800,3,2,806,806,'ttttttt','ccccccccccc',0,0,0,0,1396474095,1396474095,'myuser'),(801,3,2,807,807,'ttttttt','ccccccccccc',0,0,0,0,1396474095,1396474095,'myuser'),(802,3,2,808,808,'ttttttt','ccccccccccc',0,0,0,0,1396474095,1396474095,'myuser'),(803,3,2,809,809,'ttttttt','ccccccccccc',0,0,0,0,1396474095,1396474095,'myuser'),(804,3,2,810,810,'ttttttt','ccccccccccc',0,0,0,0,1396474095,1396474095,'myuser'),(805,3,2,811,811,'ttttttt','ccccccccccc',0,0,0,0,1396474095,1396474095,'myuser'),(806,3,2,812,812,'ttttttt','ccccccccccc',0,0,0,0,1396474096,1396474096,'myuser'),(807,3,2,813,813,'ttttttt','ccccccccccc',0,0,0,0,1396474096,1396474096,'myuser'),(808,3,2,814,814,'ttttttt','ccccccccccc',0,0,0,0,1396474096,1396474096,'myuser'),(809,3,2,815,815,'ttttttt','ccccccccccc',0,0,0,0,1396474096,1396474096,'myuser'),(810,3,2,816,816,'ttttttt','ccccccccccc',0,0,0,0,1396474096,1396474096,'myuser'),(811,3,2,817,817,'ttttttt','ccccccccccc',0,0,0,0,1396474096,1396474096,'myuser'),(812,3,2,818,818,'ttttttt','ccccccccccc',0,0,0,0,1396474096,1396474096,'myuser'),(813,3,2,819,819,'ttttttt','ccccccccccc',0,0,0,0,1396474096,1396474096,'myuser'),(814,3,2,820,820,'ttttttt','ccccccccccc',0,0,0,0,1396474097,1396474097,'myuser'),(815,3,2,821,821,'ttttttt','ccccccccccc',0,0,0,0,1396474097,1396474097,'myuser'),(816,3,2,822,822,'ttttttt','ccccccccccc',0,0,0,0,1396474097,1396474097,'myuser'),(817,3,2,823,823,'ttttttt','ccccccccccc',0,0,0,0,1396474097,1396474097,'myuser'),(818,3,2,824,824,'ttttttt','ccccccccccc',0,0,0,0,1396474097,1396474097,'myuser'),(819,3,2,825,825,'ttttttt','ccccccccccc',0,0,0,0,1396474097,1396474097,'myuser'),(820,3,2,826,826,'ttttttt','ccccccccccc',0,0,0,0,1396474097,1396474097,'myuser'),(821,3,2,827,827,'ttttttt','ccccccccccc',0,0,0,0,1396474097,1396474097,'myuser'),(822,3,2,828,828,'ttttttt','ccccccccccc',0,0,0,0,1396474098,1396474098,'myuser'),(823,3,2,829,829,'ttttttt','ccccccccccc',0,0,0,0,1396474098,1396474098,'myuser'),(824,3,2,830,830,'ttttttt','ccccccccccc',0,0,0,0,1396474098,1396474098,'myuser'),(825,3,2,831,831,'ttttttt','ccccccccccc',0,0,0,0,1396474098,1396474098,'myuser'),(826,3,2,832,832,'ttttttt','ccccccccccc',0,0,0,0,1396474184,1396474184,'myuser'),(827,3,2,833,833,'ttttttt','ccccccccccc',0,0,0,0,1396474184,1396474184,'myuser'),(828,3,2,834,834,'ttttttt','ccccccccccc',0,0,0,0,1396474184,1396474184,'myuser'),(829,3,2,835,835,'ttttttt','ccccccccccc',0,0,0,0,1396474184,1396474184,'myuser'),(830,3,2,836,836,'ttttttt','ccccccccccc',0,0,0,0,1396474184,1396474184,'myuser'),(831,3,2,837,837,'ttttttt','ccccccccccc',0,0,0,0,1396474184,1396474184,'myuser'),(832,3,2,838,838,'ttttttt','ccccccccccc',0,0,0,0,1396474184,1396474184,'myuser'),(833,3,2,839,839,'ttttttt','ccccccccccc',0,0,0,0,1396474184,1396474184,'myuser'),(834,3,2,840,840,'ttttttt','ccccccccccc',0,0,0,0,1396474185,1396474185,'myuser'),(835,3,2,841,841,'ttttttt','ccccccccccc',0,0,0,0,1396474185,1396474185,'myuser'),(836,3,2,842,842,'ttttttt','ccccccccccc',0,0,0,0,1396474185,1396474185,'myuser'),(837,3,2,843,843,'ttttttt','ccccccccccc',0,0,0,0,1396474185,1396474185,'myuser'),(838,3,2,844,844,'ttttttt','ccccccccccc',0,0,0,0,1396474185,1396474185,'myuser'),(839,3,2,845,845,'ttttttt','ccccccccccc',0,0,0,0,1396474185,1396474185,'myuser'),(840,3,2,846,846,'ttttttt','ccccccccccc',0,0,0,0,1396474185,1396474185,'myuser'),(841,3,2,847,847,'ttttttt','ccccccccccc',0,0,0,0,1396474185,1396474185,'myuser'),(842,3,2,848,848,'ttttttt','ccccccccccc',0,0,0,0,1396474185,1396474185,'myuser'),(843,3,2,849,849,'ttttttt','ccccccccccc',0,0,0,0,1396474185,1396474185,'myuser'),(844,3,2,850,850,'ttttttt','ccccccccccc',0,0,0,0,1396474185,1396474185,'myuser'),(845,3,2,851,851,'ttttttt','ccccccccccc',0,0,0,0,1396474185,1396474185,'myuser'),(846,3,2,852,852,'ttttttt','ccccccccccc',0,0,0,0,1396474185,1396474185,'myuser'),(847,3,2,853,853,'ttttttt','ccccccccccc',0,0,0,0,1396474185,1396474185,'myuser'),(848,3,2,854,854,'ttttttt','ccccccccccc',0,0,0,0,1396474185,1396474185,'myuser'),(849,3,2,855,855,'ttttttt','ccccccccccc',0,0,0,0,1396474185,1396474185,'myuser'),(850,3,2,856,856,'ttttttt','ccccccccccc',0,0,0,0,1396474185,1396474185,'myuser'),(851,3,2,857,857,'ttttttt','ccccccccccc',0,0,0,0,1396474185,1396474185,'myuser'),(852,3,2,858,858,'ttttttt','ccccccccccc',0,0,0,0,1396474185,1396474185,'myuser'),(853,3,2,859,859,'ttttttt','ccccccccccc',0,0,0,0,1396474185,1396474185,'myuser'),(854,3,2,860,860,'ttttttt','ccccccccccc',0,0,0,0,1396474185,1396474185,'myuser'),(855,3,2,861,861,'ttttttt','ccccccccccc',0,0,0,0,1396474185,1396474185,'myuser'),(856,3,2,862,862,'ttttttt','ccccccccccc',0,0,0,0,1396474185,1396474185,'myuser'),(857,3,2,863,863,'ttttttt','ccccccccccc',0,0,0,0,1396474185,1396474185,'myuser'),(858,3,2,864,864,'ttttttt','ccccccccccc',0,0,0,0,1396474185,1396474185,'myuser'),(859,3,2,865,865,'ttttttt','ccccccccccc',0,0,0,0,1396474185,1396474185,'myuser'),(860,3,2,866,866,'ttttttt','ccccccccccc',0,0,0,0,1396474185,1396474185,'myuser'),(861,3,2,867,867,'ttttttt','ccccccccccc',0,0,0,0,1396474185,1396474185,'myuser'),(862,3,2,868,868,'ttttttt','ccccccccccc',0,0,0,0,1396474185,1396474185,'myuser'),(863,3,2,869,869,'ttttttt','ccccccccccc',0,0,0,0,1396474185,1396474185,'myuser'),(864,3,2,870,870,'ttttttt','ccccccccccc',0,0,0,0,1396474185,1396474185,'myuser'),(865,3,2,871,871,'ttttttt','ccccccccccc',0,0,0,0,1396474185,1396474185,'myuser'),(866,3,2,872,872,'ttttttt','ccccccccccc',0,0,0,0,1396474185,1396474185,'myuser'),(867,3,2,873,873,'ttttttt','ccccccccccc',0,0,0,0,1396474185,1396474185,'myuser'),(868,3,2,874,874,'ttttttt','ccccccccccc',0,0,0,0,1396474185,1396474185,'myuser'),(869,3,2,875,875,'ttttttt','ccccccccccc',0,0,0,0,1396474185,1396474185,'myuser'),(870,3,2,876,876,'ttttttt','ccccccccccc',0,0,0,0,1396474185,1396474185,'myuser'),(871,3,2,877,877,'ttttttt','ccccccccccc',0,0,0,0,1396474185,1396474185,'myuser'),(872,3,2,878,878,'ttttttt','ccccccccccc',0,0,0,0,1396474185,1396474185,'myuser'),(873,3,2,879,879,'ttttttt','ccccccccccc',0,0,0,0,1396474185,1396474185,'myuser'),(874,3,2,880,880,'ttttttt','ccccccccccc',0,0,0,0,1396474185,1396474185,'myuser'),(875,3,2,881,881,'ttttttt','ccccccccccc',0,0,0,0,1396474185,1396474185,'myuser'),(876,3,2,882,882,'ttttttt','ccccccccccc',0,0,0,0,1396474185,1396474185,'myuser'),(877,3,2,883,883,'ttttttt','ccccccccccc',0,0,0,0,1396474185,1396474185,'myuser'),(878,3,2,884,884,'ttttttt','ccccccccccc',0,0,0,0,1396474185,1396474185,'myuser'),(879,3,2,885,885,'ttttttt','ccccccccccc',0,0,0,0,1396474185,1396474185,'myuser'),(880,3,2,886,886,'ttttttt','ccccccccccc',0,0,0,0,1396474186,1396474186,'myuser'),(881,3,2,887,887,'ttttttt','ccccccccccc',0,0,0,0,1396474186,1396474186,'myuser'),(882,3,2,888,888,'ttttttt','ccccccccccc',0,0,0,0,1396474186,1396474186,'myuser'),(883,3,2,889,889,'ttttttt','ccccccccccc',0,0,0,0,1396474186,1396474186,'myuser'),(884,3,2,890,890,'ttttttt','ccccccccccc',0,0,0,0,1396474186,1396474186,'myuser'),(885,3,2,891,891,'ttttttt','ccccccccccc',0,0,0,0,1396474186,1396474186,'myuser'),(886,3,2,892,892,'ttttttt','ccccccccccc',0,0,0,0,1396474186,1396474186,'myuser'),(887,3,2,893,893,'ttttttt','ccccccccccc',0,0,0,0,1396474186,1396474186,'myuser'),(888,3,2,894,894,'ttttttt','ccccccccccc',0,0,0,0,1396474186,1396474186,'myuser'),(889,3,2,895,895,'ttttttt','ccccccccccc',0,0,0,0,1396474186,1396474186,'myuser'),(890,3,2,896,896,'ttttttt','ccccccccccc',0,0,0,0,1396474186,1396474186,'myuser'),(891,3,2,897,897,'ttttttt','ccccccccccc',0,0,0,0,1396474186,1396474186,'myuser'),(892,3,2,898,898,'ttttttt','ccccccccccc',0,0,0,0,1396474186,1396474186,'myuser'),(893,3,2,899,899,'ttttttt','ccccccccccc',0,0,0,0,1396474186,1396474186,'myuser'),(894,3,2,900,900,'ttttttt','ccccccccccc',0,0,0,0,1396474186,1396474186,'myuser'),(895,3,2,901,901,'ttttttt','ccccccccccc',0,0,0,0,1396474186,1396474186,'myuser'),(896,3,2,902,902,'ttttttt','ccccccccccc',0,0,0,0,1396474186,1396474186,'myuser'),(897,3,2,903,903,'ttttttt','ccccccccccc',0,0,0,0,1396474186,1396474186,'myuser'),(898,3,2,904,904,'ttttttt','ccccccccccc',0,0,0,0,1396474186,1396474186,'myuser'),(899,3,2,905,905,'ttttttt','ccccccccccc',0,0,0,0,1396474186,1396474186,'myuser'),(900,3,2,906,906,'ttttttt','ccccccccccc',0,0,0,0,1396474186,1396474186,'myuser'),(901,3,2,907,907,'ttttttt','ccccccccccc',0,0,0,0,1396474186,1396474186,'myuser'),(902,3,2,908,908,'ttttttt','ccccccccccc',0,0,0,0,1396474186,1396474186,'myuser'),(903,3,2,909,909,'ttttttt','ccccccccccc',0,0,0,0,1396474186,1396474186,'myuser'),(904,3,2,910,910,'ttttttt','ccccccccccc',0,0,0,0,1396474186,1396474186,'myuser'),(905,3,2,911,911,'ttttttt','ccccccccccc',0,0,0,0,1396474186,1396474186,'myuser'),(906,3,2,912,912,'ttttttt','ccccccccccc',0,0,0,0,1396474186,1396474186,'myuser'),(907,3,2,913,913,'ttttttt','ccccccccccc',0,0,0,0,1396474187,1396474187,'myuser'),(908,3,2,914,914,'ttttttt','ccccccccccc',0,0,0,0,1396474187,1396474187,'myuser'),(909,3,2,915,915,'ttttttt','ccccccccccc',0,0,0,0,1396474187,1396474187,'myuser'),(910,3,2,916,916,'ttttttt','ccccccccccc',0,0,0,0,1396474187,1396474187,'myuser'),(911,3,2,917,917,'ttttttt','ccccccccccc',0,0,0,0,1396474187,1396474187,'myuser'),(912,3,2,918,918,'ttttttt','ccccccccccc',0,0,0,0,1396474187,1396474187,'myuser'),(913,3,2,919,919,'ttttttt','ccccccccccc',0,0,0,0,1396474187,1396474187,'myuser'),(914,3,2,920,920,'ttttttt','ccccccccccc',0,0,0,0,1396474187,1396474187,'myuser'),(915,3,2,921,921,'ttttttt','ccccccccccc',0,0,0,0,1396474187,1396474187,'myuser'),(916,3,2,922,922,'ttttttt','ccccccccccc',0,0,0,0,1396474187,1396474187,'myuser'),(917,3,2,923,923,'ttttttt','ccccccccccc',0,0,0,0,1396474187,1396474187,'myuser'),(918,3,2,924,924,'ttttttt','ccccccccccc',0,0,0,0,1396474187,1396474187,'myuser'),(919,3,2,925,925,'ttttttt','ccccccccccc',0,0,0,0,1396474187,1396474187,'myuser'),(920,3,2,926,926,'ttttttt','ccccccccccc',0,0,0,0,1396474187,1396474187,'myuser'),(921,3,2,927,927,'ttttttt','ccccccccccc',0,0,0,0,1396474187,1396474187,'myuser'),(922,3,2,928,928,'ttttttt','ccccccccccc',0,0,0,0,1396474187,1396474187,'myuser'),(923,3,2,929,929,'ttttttt','ccccccccccc',0,0,0,0,1396474187,1396474187,'myuser'),(924,3,2,930,930,'ttttttt','ccccccccccc',0,0,0,0,1396474187,1396474187,'myuser'),(925,3,2,931,931,'ttttttt','ccccccccccc',0,0,0,0,1396474187,1396474187,'myuser'),(926,3,2,932,932,'ttttttt','ccccccccccc',0,0,0,0,1396474187,1396474187,'myuser'),(927,3,2,933,933,'ttttttt','ccccccccccc',0,0,0,0,1396474187,1396474187,'myuser'),(928,3,2,934,934,'ttttttt','ccccccccccc',0,0,0,0,1396474188,1396474188,'myuser'),(929,3,2,935,935,'ttttttt','ccccccccccc',0,0,0,0,1396474188,1396474188,'myuser'),(930,3,2,936,936,'ttttttt','ccccccccccc',0,0,0,0,1396474188,1396474188,'myuser'),(931,3,2,937,937,'ttttttt','ccccccccccc',0,0,0,0,1396474188,1396474188,'myuser'),(932,3,2,938,938,'ttttttt','ccccccccccc',0,0,0,0,1396474188,1396474188,'myuser'),(933,3,2,939,939,'ttttttt','ccccccccccc',0,0,0,0,1396474188,1396474188,'myuser'),(934,3,2,940,940,'ttttttt','ccccccccccc',0,0,0,0,1396474188,1396474188,'myuser'),(935,3,2,941,941,'ttttttt','ccccccccccc',0,0,0,0,1396474188,1396474188,'myuser'),(936,3,2,942,942,'ttttttt','ccccccccccc',0,0,0,0,1396474188,1396474188,'myuser'),(937,3,2,943,943,'ttttttt','ccccccccccc',0,0,0,0,1396474188,1396474188,'myuser'),(938,3,2,944,944,'ttttttt','ccccccccccc',0,0,0,0,1396474188,1396474188,'myuser'),(939,3,2,945,945,'ttttttt','ccccccccccc',0,0,0,0,1396474188,1396474188,'myuser'),(940,3,2,946,946,'ttttttt','ccccccccccc',0,0,0,0,1396474188,1396474188,'myuser'),(941,3,2,947,947,'ttttttt','ccccccccccc',0,0,0,0,1396474188,1396474188,'myuser'),(942,3,2,948,948,'ttttttt','ccccccccccc',0,0,0,0,1396474188,1396474188,'myuser'),(943,3,2,949,949,'ttttttt','ccccccccccc',0,0,0,0,1396474188,1396474188,'myuser'),(944,3,2,950,950,'ttttttt','ccccccccccc',0,0,0,0,1396474188,1396474188,'myuser'),(945,3,2,951,951,'ttttttt','ccccccccccc',0,0,0,0,1396474188,1396474188,'myuser'),(946,3,2,952,952,'ttttttt','ccccccccccc',0,0,0,0,1396474189,1396474189,'myuser'),(947,3,2,953,953,'ttttttt','ccccccccccc',0,0,0,0,1396474189,1396474189,'myuser'),(948,3,2,954,954,'ttttttt','ccccccccccc',0,0,0,0,1396474189,1396474189,'myuser'),(949,3,2,955,955,'ttttttt','ccccccccccc',0,0,0,0,1396474189,1396474189,'myuser'),(950,3,2,956,956,'ttttttt','ccccccccccc',0,0,0,0,1396474189,1396474189,'myuser'),(951,3,2,957,957,'ttttttt','ccccccccccc',0,0,0,0,1396474189,1396474189,'myuser'),(952,3,2,958,958,'ttttttt','ccccccccccc',0,0,0,0,1396474189,1396474189,'myuser'),(953,3,2,959,959,'ttttttt','ccccccccccc',0,0,0,0,1396474189,1396474189,'myuser'),(954,3,2,960,960,'ttttttt','ccccccccccc',0,0,0,0,1396474189,1396474189,'myuser'),(955,3,2,961,961,'ttttttt','ccccccccccc',0,0,0,0,1396474189,1396474189,'myuser'),(956,3,2,962,962,'ttttttt','ccccccccccc',0,0,0,0,1396474190,1396474190,'myuser'),(957,3,2,963,963,'ttttttt','ccccccccccc',0,0,0,0,1396474190,1396474190,'myuser'),(958,3,2,964,964,'ttttttt','ccccccccccc',0,0,0,0,1396474190,1396474190,'myuser'),(959,3,2,965,965,'ttttttt','ccccccccccc',0,0,0,0,1396474190,1396474190,'myuser'),(960,3,2,966,966,'ttttttt','ccccccccccc',0,0,0,0,1396474190,1396474190,'myuser'),(961,3,2,967,967,'ttttttt','ccccccccccc',0,0,0,0,1396474190,1396474190,'myuser'),(962,3,2,968,968,'ttttttt','ccccccccccc',0,0,0,0,1396474190,1396474190,'myuser'),(963,3,2,969,969,'ttttttt','ccccccccccc',0,0,0,0,1396474190,1396474190,'myuser'),(964,3,2,970,970,'ttttttt','ccccccccccc',0,0,0,0,1396474190,1396474190,'myuser'),(965,3,2,971,971,'ttttttt','ccccccccccc',0,0,0,0,1396474190,1396474190,'myuser'),(966,3,2,972,972,'ttttttt','ccccccccccc',0,0,0,0,1396474190,1396474190,'myuser'),(967,3,2,973,973,'ttttttt','ccccccccccc',0,0,0,0,1396474190,1396474190,'myuser'),(968,3,2,974,974,'ttttttt','ccccccccccc',0,0,0,0,1396474190,1396474190,'myuser'),(969,3,2,975,975,'ttttttt','ccccccccccc',0,0,0,0,1396474190,1396474190,'myuser'),(970,3,2,976,976,'ttttttt','ccccccccccc',0,0,0,0,1396474191,1396474191,'myuser'),(971,3,2,977,977,'ttttttt','ccccccccccc',0,0,0,0,1396474191,1396474191,'myuser'),(972,3,2,978,978,'ttttttt','ccccccccccc',0,0,0,0,1396474191,1396474191,'myuser'),(973,3,2,979,979,'ttttttt','ccccccccccc',0,0,0,0,1396474191,1396474191,'myuser'),(974,3,2,980,980,'ttttttt','ccccccccccc',0,0,0,0,1396474191,1396474191,'myuser'),(975,3,2,981,981,'ttttttt','ccccccccccc',0,0,0,0,1396474191,1396474191,'myuser'),(976,3,2,982,982,'ttttttt','ccccccccccc',0,0,0,0,1396474191,1396474191,'myuser'),(977,3,2,983,983,'ttttttt','ccccccccccc',0,0,0,0,1396474191,1396474191,'myuser'),(978,3,2,984,984,'ttttttt','ccccccccccc',0,0,0,0,1396474191,1396474191,'myuser'),(979,3,2,985,985,'ttttttt','ccccccccccc',0,0,0,0,1396474191,1396474191,'myuser'),(980,3,2,986,986,'ttttttt','ccccccccccc',0,0,0,0,1396474191,1396474191,'myuser'),(981,3,2,987,987,'ttttttt','ccccccccccc',0,0,0,0,1396474191,1396474191,'myuser'),(982,3,2,988,988,'ttttttt','ccccccccccc',0,0,0,0,1396474191,1396474191,'myuser'),(983,3,2,989,989,'ttttttt','ccccccccccc',0,0,0,0,1396474191,1396474191,'myuser'),(984,3,2,990,990,'ttttttt','ccccccccccc',0,0,0,0,1396474192,1396474192,'myuser'),(985,3,2,991,991,'ttttttt','ccccccccccc',0,0,0,0,1396474192,1396474192,'myuser'),(986,3,2,992,992,'ttttttt','ccccccccccc',0,0,0,0,1396474192,1396474192,'myuser'),(987,3,2,993,993,'ttttttt','ccccccccccc',0,0,0,0,1396474192,1396474192,'myuser'),(988,3,2,994,994,'ttttttt','ccccccccccc',0,0,0,0,1396474192,1396474192,'myuser'),(989,3,2,995,995,'ttttttt','ccccccccccc',0,0,0,0,1396474192,1396474192,'myuser'),(990,3,2,996,996,'ttttttt','ccccccccccc',0,0,0,0,1396474192,1396474192,'myuser'),(991,3,2,997,997,'ttttttt','ccccccccccc',0,0,0,0,1396474192,1396474192,'myuser'),(992,3,2,998,998,'ttttttt','ccccccccccc',0,0,0,0,1396474192,1396474192,'myuser'),(993,3,2,999,999,'ttttttt','ccccccccccc',0,0,0,0,1396474192,1396474192,'myuser'),(994,3,2,1000,1000,'ttttttt','ccccccccccc',0,0,0,0,1396474192,1396474192,'myuser'),(995,3,2,1001,1001,'ttttttt','ccccccccccc',0,0,0,0,1396474192,1396474192,'myuser'),(996,3,2,1002,1002,'ttttttt','ccccccccccc',0,0,0,0,1396474193,1396474193,'myuser'),(997,3,2,1003,1003,'ttttttt','ccccccccccc',0,0,0,0,1396474193,1396474193,'myuser'),(998,3,2,1004,1004,'ttttttt','ccccccccccc',0,0,0,0,1396474193,1396474193,'myuser'),(999,3,2,1005,1005,'ttttttt','ccccccccccc',0,0,0,0,1396474193,1396474193,'myuser'),(1000,3,2,1006,1006,'ttttttt','ccccccccccc',0,0,0,0,1396474193,1396474193,'myuser'),(1001,3,2,1007,1007,'ttttttt','ccccccccccc',0,0,0,0,1396474193,1396474193,'myuser'),(1002,3,2,1008,1008,'ttttttt','ccccccccccc',0,0,0,0,1396474193,1396474193,'myuser'),(1003,3,2,1009,1009,'ttttttt','ccccccccccc',0,0,0,0,1396474193,1396474193,'myuser'),(1004,3,2,1010,1010,'ttttttt','ccccccccccc',0,0,0,0,1396474193,1396474193,'myuser'),(1005,3,2,1011,1011,'ttttttt','ccccccccccc',0,0,0,0,1396474193,1396474193,'myuser'),(1006,3,2,1012,1012,'ttttttt','ccccccccccc',0,0,0,0,1396474193,1396474193,'myuser'),(1007,3,2,1013,1013,'ttttttt','ccccccccccc',0,0,0,0,1396474193,1396474193,'myuser'),(1008,3,2,1014,1014,'ttttttt','ccccccccccc',0,0,0,0,1396474193,1396474193,'myuser'),(1009,3,2,1015,1015,'ttttttt','ccccccccccc',0,0,0,0,1396474194,1396474194,'myuser'),(1010,3,2,1016,1016,'ttttttt','ccccccccccc',0,0,0,0,1396474194,1396474194,'myuser'),(1011,3,2,1017,1017,'ttttttt','ccccccccccc',0,0,0,0,1396474194,1396474194,'myuser'),(1012,3,2,1018,1018,'ttttttt','ccccccccccc',0,0,0,0,1396474194,1396474194,'myuser'),(1013,3,2,1019,1019,'ttttttt','ccccccccccc',0,0,0,0,1396474194,1396474194,'myuser'),(1014,3,2,1020,1020,'ttttttt','ccccccccccc',0,0,0,0,1396474194,1396474194,'myuser'),(1015,3,2,1021,1021,'ttttttt','ccccccccccc',0,0,0,0,1396474194,1396474194,'myuser'),(1016,3,2,1022,1022,'ttttttt','ccccccccccc',0,0,0,0,1396474194,1396474194,'myuser'),(1017,3,2,1023,1023,'ttttttt','ccccccccccc',0,0,0,0,1396474194,1396474194,'myuser'),(1018,3,2,1024,1024,'ttttttt','ccccccccccc',0,0,0,0,1396474194,1396474194,'myuser'),(1019,3,2,1025,1025,'ttttttt','ccccccccccc',0,0,0,0,1396474194,1396474194,'myuser'),(1020,3,2,1026,1026,'ttttttt','ccccccccccc',0,0,0,0,1396474195,1396474195,'myuser'),(1021,3,2,1027,1027,'ttttttt','ccccccccccc',0,0,0,0,1396474195,1396474195,'myuser'),(1022,3,2,1028,1028,'ttttttt','ccccccccccc',0,0,0,0,1396474195,1396474195,'myuser'),(1023,3,2,1029,1029,'ttttttt','ccccccccccc',0,0,0,0,1396474195,1396474195,'myuser'),(1024,3,2,1030,1030,'ttttttt','ccccccccccc',0,0,0,0,1396474195,1396474195,'myuser'),(1025,3,2,1031,1031,'ttttttt','ccccccccccc',0,0,0,0,1396474195,1396474195,'myuser'),(1026,3,2,1032,1032,'ttttttt','ccccccccccc',0,0,0,0,1396474195,1396474195,'myuser'),(1027,3,2,1033,1033,'ttttttt','ccccccccccc',0,0,0,0,1396474195,1396474195,'myuser'),(1028,3,2,1034,1034,'ttttttt','ccccccccccc',0,0,0,0,1396474195,1396474195,'myuser'),(1029,3,2,1035,1035,'ttttttt','ccccccccccc',0,0,0,0,1396474195,1396474195,'myuser'),(1030,3,2,1036,1036,'ttttttt','ccccccccccc',0,0,0,0,1396474195,1396474195,'myuser'),(1031,3,2,1037,1037,'ttttttt','ccccccccccc',0,0,0,0,1396474196,1396474196,'myuser'),(1032,3,2,1038,1038,'ttttttt','ccccccccccc',0,0,0,0,1396474196,1396474196,'myuser'),(1033,3,2,1039,1039,'ttttttt','ccccccccccc',0,0,0,0,1396474196,1396474196,'myuser'),(1034,3,2,1040,1040,'ttttttt','ccccccccccc',0,0,0,0,1396474196,1396474196,'myuser'),(1035,3,2,1041,1041,'ttttttt','ccccccccccc',0,0,0,0,1396474196,1396474196,'myuser'),(1036,3,2,1042,1042,'ttttttt','ccccccccccc',0,0,0,0,1396474196,1396474196,'myuser'),(1037,3,2,1043,1043,'ttttttt','ccccccccccc',0,0,0,0,1396474196,1396474196,'myuser'),(1038,3,2,1044,1044,'ttttttt','ccccccccccc',0,0,0,0,1396474196,1396474196,'myuser'),(1039,3,2,1045,1045,'ttttttt','ccccccccccc',0,0,0,0,1396474196,1396474196,'myuser'),(1040,3,2,1046,1046,'ttttttt','ccccccccccc',0,0,0,0,1396474196,1396474196,'myuser'),(1041,3,2,1047,1047,'ttttttt','ccccccccccc',0,0,0,0,1396474196,1396474196,'myuser'),(1042,3,2,1048,1048,'ttttttt','ccccccccccc',0,0,0,0,1396474197,1396474197,'myuser'),(1043,3,2,1049,1049,'ttttttt','ccccccccccc',0,0,0,0,1396474197,1396474197,'myuser'),(1044,3,2,1050,1050,'ttttttt','ccccccccccc',0,0,0,0,1396474197,1396474197,'myuser'),(1045,3,2,1051,1051,'ttttttt','ccccccccccc',0,0,0,0,1396474197,1396474197,'myuser'),(1046,3,2,1052,1052,'ttttttt','ccccccccccc',0,0,0,0,1396474197,1396474197,'myuser'),(1047,3,2,1053,1053,'ttttttt','ccccccccccc',0,0,0,0,1396474197,1396474197,'myuser'),(1048,3,2,1054,1054,'ttttttt','ccccccccccc',0,0,0,0,1396474197,1396474197,'myuser'),(1049,3,2,1055,1055,'ttttttt','ccccccccccc',0,0,0,0,1396474197,1396474197,'myuser'),(1050,3,2,1056,1056,'ttttttt','ccccccccccc',0,0,0,0,1396474197,1396474197,'myuser'),(1051,3,2,1057,1057,'ttttttt','ccccccccccc',0,0,0,0,1396474197,1396474197,'myuser'),(1052,3,2,1058,1058,'ttttttt','ccccccccccc',0,0,0,0,1396474198,1396474198,'myuser'),(1053,3,2,1059,1059,'ttttttt','ccccccccccc',0,0,0,0,1396474198,1396474198,'myuser'),(1054,3,2,1060,1060,'ttttttt','ccccccccccc',0,0,0,0,1396474198,1396474198,'myuser'),(1055,3,2,1061,1061,'ttttttt','ccccccccccc',0,0,0,0,1396474198,1396474198,'myuser'),(1056,3,2,1062,1062,'ttttttt','ccccccccccc',0,0,0,0,1396474198,1396474198,'myuser'),(1057,3,2,1063,1063,'ttttttt','ccccccccccc',0,0,0,0,1396474198,1396474198,'myuser'),(1058,3,2,1064,1064,'ttttttt','ccccccccccc',0,0,0,0,1396474198,1396474198,'myuser'),(1059,3,2,1065,1065,'ttttttt','ccccccccccc',0,0,0,0,1396474198,1396474198,'myuser'),(1060,3,2,1066,1066,'ttttttt','ccccccccccc',0,0,0,0,1396474198,1396474198,'myuser'),(1061,3,2,1067,1067,'ttttttt','ccccccccccc',0,0,0,0,1396474198,1396474198,'myuser'),(1062,3,2,1068,1068,'ttttttt','ccccccccccc',0,0,0,0,1396474199,1396474199,'myuser'),(1063,3,2,1069,1069,'ttttttt','ccccccccccc',0,0,0,0,1396474199,1396474199,'myuser'),(1064,3,2,1070,1070,'ttttttt','ccccccccccc',0,0,0,0,1396474199,1396474199,'myuser'),(1065,3,2,1071,1071,'ttttttt','ccccccccccc',0,0,0,0,1396474199,1396474199,'myuser'),(1066,3,2,1072,1072,'ttttttt','ccccccccccc',0,0,0,0,1396474199,1396474199,'myuser'),(1067,3,2,1073,1073,'ttttttt','ccccccccccc',0,0,0,0,1396474199,1396474199,'myuser'),(1068,3,2,1074,1074,'ttttttt','ccccccccccc',0,0,0,0,1396474199,1396474199,'myuser'),(1069,3,2,1075,1075,'ttttttt','ccccccccccc',0,0,0,0,1396474199,1396474199,'myuser'),(1070,3,2,1076,1076,'ttttttt','ccccccccccc',0,0,0,0,1396474199,1396474199,'myuser'),(1071,3,2,1077,1077,'ttttttt','ccccccccccc',0,0,0,0,1396474200,1396474200,'myuser'),(1072,3,2,1078,1078,'ttttttt','ccccccccccc',0,0,0,0,1396474200,1396474200,'myuser'),(1073,3,2,1079,1079,'ttttttt','ccccccccccc',0,0,0,0,1396474200,1396474200,'myuser'),(1074,3,2,1080,1080,'ttttttt','ccccccccccc',0,0,0,0,1396474200,1396474200,'myuser'),(1075,3,2,1081,1081,'ttttttt','ccccccccccc',0,0,0,0,1396474200,1396474200,'myuser'),(1076,3,2,1082,1082,'ttttttt','ccccccccccc',0,0,0,0,1396474200,1396474200,'myuser'),(1077,3,2,1083,1083,'ttttttt','ccccccccccc',0,0,0,0,1396474200,1396474200,'myuser'),(1078,3,2,1084,1084,'ttttttt','ccccccccccc',0,0,0,0,1396474200,1396474200,'myuser'),(1079,3,2,1085,1085,'ttttttt','ccccccccccc',0,0,0,0,1396474200,1396474200,'myuser'),(1080,3,2,1086,1086,'ttttttt','ccccccccccc',0,0,0,0,1396474201,1396474201,'myuser'),(1081,3,2,1087,1087,'ttttttt','ccccccccccc',0,0,0,0,1396474201,1396474201,'myuser'),(1082,3,2,1088,1088,'ttttttt','ccccccccccc',0,0,0,0,1396474201,1396474201,'myuser'),(1083,3,2,1089,1089,'ttttttt','ccccccccccc',0,0,0,0,1396474201,1396474201,'myuser'),(1084,3,2,1090,1090,'ttttttt','ccccccccccc',0,0,0,0,1396474201,1396474201,'myuser'),(1085,3,2,1091,1091,'ttttttt','ccccccccccc',0,0,0,0,1396474201,1396474201,'myuser'),(1086,3,2,1092,1092,'ttttttt','ccccccccccc',0,0,0,0,1396474201,1396474201,'myuser'),(1087,3,2,1093,1093,'ttttttt','ccccccccccc',0,0,0,0,1396474201,1396474201,'myuser'),(1088,3,2,1094,1094,'ttttttt','ccccccccccc',0,0,0,0,1396474202,1396474202,'myuser'),(1089,3,2,1095,1095,'ttttttt','ccccccccccc',0,0,0,0,1396474202,1396474202,'myuser'),(1090,3,2,1096,1096,'ttttttt','ccccccccccc',0,0,0,0,1396474202,1396474202,'myuser'),(1091,3,2,1097,1097,'ttttttt','ccccccccccc',0,0,0,0,1396474202,1396474202,'myuser'),(1092,3,2,1098,1098,'ttttttt','ccccccccccc',0,0,0,0,1396474202,1396474202,'myuser'),(1093,3,2,1099,1099,'ttttttt','ccccccccccc',0,0,0,0,1396474202,1396474202,'myuser'),(1094,3,2,1100,1100,'ttttttt','ccccccccccc',0,0,0,0,1396474202,1396474202,'myuser'),(1095,3,2,1101,1101,'ttttttt','ccccccccccc',0,0,0,0,1396474202,1396474202,'myuser'),(1096,3,2,1102,1102,'ttttttt','ccccccccccc',0,0,0,0,1396474202,1396474202,'myuser'),(1097,3,2,1103,1103,'ttttttt','ccccccccccc',0,0,0,0,1396474203,1396474203,'myuser'),(1098,3,2,1104,1104,'ttttttt','ccccccccccc',0,0,0,0,1396474203,1396474203,'myuser'),(1099,3,2,1105,1105,'ttttttt','ccccccccccc',0,0,0,0,1396474203,1396474203,'myuser'),(1100,3,2,1106,1106,'ttttttt','ccccccccccc',0,0,0,0,1396474203,1396474203,'myuser'),(1101,3,2,1107,1107,'ttttttt','ccccccccccc',0,0,0,0,1396474203,1396474203,'myuser'),(1102,3,2,1108,1108,'ttttttt','ccccccccccc',0,0,0,0,1396474203,1396474203,'myuser'),(1103,3,2,1109,1109,'ttttttt','ccccccccccc',0,0,0,0,1396474203,1396474203,'myuser'),(1104,3,2,1110,1110,'ttttttt','ccccccccccc',0,0,0,0,1396474203,1396474203,'myuser'),(1105,3,2,1111,1111,'ttttttt','ccccccccccc',0,0,0,0,1396474204,1396474204,'myuser'),(1106,3,2,1112,1112,'ttttttt','ccccccccccc',0,0,0,0,1396474204,1396474204,'myuser'),(1107,3,2,1113,1113,'ttttttt','ccccccccccc',0,0,0,0,1396474204,1396474204,'myuser'),(1108,3,2,1114,1114,'ttttttt','ccccccccccc',0,0,0,0,1396474204,1396474204,'myuser'),(1109,3,2,1115,1115,'ttttttt','ccccccccccc',0,0,0,0,1396474204,1396474204,'myuser'),(1110,3,2,1116,1116,'ttttttt','ccccccccccc',0,0,0,1,1396474204,1396474204,'myuser'),(1111,3,2,1117,1117,'ttttttt','ccccccccccc',0,0,0,0,1396474204,1396474204,'myuser'),(1112,3,2,1118,1118,'ttttttt','ccccccccccc',0,0,0,0,1396474204,1396474204,'myuser'),(1113,3,2,1119,1119,'ttttttt','ccccccccccc',0,0,0,0,1396474205,1396474205,'myuser'),(1114,3,2,1120,1120,'ttttttt','ccccccccccc',0,0,0,0,1396474205,1396474205,'myuser'),(1115,3,2,1121,1121,'ttttttt','ccccccccccc',0,0,0,0,1396474205,1396474205,'myuser'),(1116,3,2,1122,1122,'ttttttt','ccccccccccc',0,0,0,1,1396474205,1396474205,'myuser'),(1117,3,2,1123,1123,'ttttttt','ccccccccccc',0,0,0,0,1396474205,1396474205,'myuser'),(1118,3,2,1124,1124,'ttttttt','ccccccccccc',0,0,0,0,1396474205,1396474205,'myuser'),(1119,3,2,1125,1125,'ttttttt','ccccccccccc',0,0,0,0,1396474205,1396474205,'myuser'),(1120,3,2,1126,1126,'ttttttt','ccccccccccc',0,0,0,0,1396474205,1396474205,'myuser'),(1121,3,2,1127,1127,'ttttttt','ccccccccccc',0,0,0,0,1396474206,1396474206,'myuser'),(1122,3,2,1128,1128,'ttttttt','ccccccccccc',0,0,0,2,1396474206,1396474206,'myuser'),(1123,3,2,1129,1129,'ttttttt','ccccccccccc',0,0,0,0,1396474206,1396474206,'myuser'),(1124,3,2,1130,1130,'ttttttt','ccccccccccc',0,0,0,1,1396474206,1396474206,'myuser'),(1125,3,2,1131,1131,'TTTTTTTTTTTTTTTTTTTTT','ccccccccccc',0,0,0,3,1396474206,1396474206,'myuser'),(1126,2,2,1134,1132,'tttttttt','ttttttttttttttttttt',1,0,1,3,1396474946,1396477966,'admin1'),(1127,2,2,1133,1133,'11111111111111','1111111111111111111111',0,0,0,2,1396476824,1396476824,'admin1'),(1128,2,2,1135,1135,'2222222222222222','2222222222222222',0,0,0,3,1396486187,1396486187,'admin1'),(1129,4,2,1137,1136,'test-title33322255555555555555555555555','222222222222222222',1,0,1,3,1396591382,1396591455,'newuser'),(1130,5,2,1138,1138,'111111111111','22222222222222222222',0,0,0,2,1396601183,1396601183,'test1');
/*!40000 ALTER TABLE `thread` ENABLE KEYS */;
UNLOCK TABLES;

--
-- Table structure for table `thread_track`
--

DROP TABLE IF EXISTS `thread_track`;
/*!40101 SET @saved_cs_client     = @@character_set_client */;
/*!40101 SET character_set_client = utf8 */;
CREATE TABLE `thread_track` (
  `user_id` int(10) unsigned NOT NULL,
  `thread_id` int(10) unsigned NOT NULL,
  `module_id` int(10) unsigned NOT NULL,
  `has_viewed` tinyint(1) NOT NULL,
  `has_favored` tinyint(1) NOT NULL,
  `created_at` int(10) unsigned NOT NULL,
  PRIMARY KEY (`user_id`,`thread_id`),
  KEY `IDX_DC67E79DA76ED395` (`user_id`),
  KEY `IDX_DC67E79DE2904019` (`thread_id`),
  KEY `IDX_DC67E79DAFC2B591` (`module_id`),
  CONSTRAINT `FK_DC67E79DA76ED395` FOREIGN KEY (`user_id`) REFERENCES `user` (`id`),
  CONSTRAINT `FK_DC67E79DAFC2B591` FOREIGN KEY (`module_id`) REFERENCES `module` (`id`),
  CONSTRAINT `FK_DC67E79DE2904019` FOREIGN KEY (`thread_id`) REFERENCES `thread` (`id`)
) ENGINE=InnoDB DEFAULT CHARSET=utf8 COLLATE=utf8_unicode_ci;
/*!40101 SET character_set_client = @saved_cs_client */;

--
-- Dumping data for table `thread_track`
--

LOCK TABLES `thread_track` WRITE;
/*!40000 ALTER TABLE `thread_track` DISABLE KEYS */;
INSERT INTO `thread_track` VALUES (1,1,2,1,0,1396447329),(1,3,2,1,0,1396447348),(1,4,2,1,0,1396448511),(1,7,2,1,0,1396449235),(1,10,2,1,0,1396449231),(2,1,2,1,0,1396447156),(2,2,5,1,0,1396610166),(2,1125,2,1,0,1396486114),(2,1126,2,1,0,1396474948),(2,1127,2,1,0,1396476825),(2,1128,2,1,0,1396486191),(2,1129,2,1,0,1396600651),(2,1130,2,1,0,1396608717),(3,1,2,1,0,1396449077),(3,3,2,1,0,1396448584),(3,4,2,1,0,1396448562),(3,5,2,1,0,1396448837),(3,6,2,1,0,1396449087),(3,8,2,1,0,1396449246),(3,10,2,1,0,1396449133),(3,16,2,1,0,1396463166),(3,17,2,1,0,1396471073),(3,20,2,1,0,1396449370),(3,22,2,1,0,1396472738),(3,24,2,1,0,1396468355),(3,1122,2,1,0,1396485352),(3,1124,2,1,0,1396484650),(3,1125,2,1,0,1396485936),(3,1126,2,1,0,1396477962),(3,1127,2,1,0,1396477252),(3,1128,2,1,0,1396486326),(4,1116,2,1,0,1396593760),(4,1122,2,1,0,1396593330),(4,1125,2,1,0,1396593717),(4,1126,2,1,0,1396591565),(4,1128,2,1,0,1396520579),(4,1129,2,1,0,1396591408),(5,1110,2,1,0,1396610744),(5,1129,2,1,0,1396600948),(5,1130,2,1,0,1396602059);
/*!40000 ALTER TABLE `thread_track` ENABLE KEYS */;
UNLOCK TABLES;

--
-- Table structure for table `user`
--

DROP TABLE IF EXISTS `user`;
/*!40101 SET @saved_cs_client     = @@character_set_client */;
/*!40101 SET character_set_client = utf8 */;
CREATE TABLE `user` (
  `id` int(10) unsigned NOT NULL AUTO_INCREMENT,
  `username` varchar(25) COLLATE utf8_unicode_ci NOT NULL,
  `password` varchar(64) COLLATE utf8_unicode_ci NOT NULL,
  `email` varchar(60) COLLATE utf8_unicode_ci NOT NULL,
  `is_active` tinyint(1) NOT NULL,
  `unread_msg` smallint(5) unsigned NOT NULL,
  `credentials_expired` tinyint(1) NOT NULL,
  `credentials_expire_at` int(10) unsigned DEFAULT NULL,
  `is_locked` tinyint(1) NOT NULL,
  `is_expired` tinyint(1) NOT NULL,
  `last_signin_at` int(10) unsigned DEFAULT NULL,
  PRIMARY KEY (`id`),
  UNIQUE KEY `UNIQ_8D93D649F85E0677` (`username`),
  UNIQUE KEY `UNIQ_8D93D649E7927C74` (`email`)
) ENGINE=InnoDB AUTO_INCREMENT=6 DEFAULT CHARSET=utf8 COLLATE=utf8_unicode_ci;
/*!40101 SET character_set_client = @saved_cs_client */;

--
-- Dumping data for table `user`
--

LOCK TABLES `user` WRITE;
/*!40000 ALTER TABLE `user` DISABLE KEYS */;
INSERT INTO `user` VALUES (1,'testuser','$2y$13$x2oKzvQNA1T9kWm7X7TJROB21gSLgZEB8lbQvJfmSKHL34udwiTni','test@email.com',0,0,0,NULL,0,0,NULL),(2,'admin1','$2y$13$wQpiTHQOhrs1ZsM5BfXQMOmQaNr/Q9F4iiCtbnhczZEcRcYFZ0CTi','admin1@qq.com',1,0,0,NULL,0,0,1396621184),(3,'myuser','$2y$13$Z5sEFbJJvz77sw0YjFnk7OmsLr.Yj39qIXtiDnhwg2K0UJyGLhhnG','myuser@em.com',1,0,0,NULL,0,0,NULL),(4,'newuser','$2y$13$DJHZ7cjkVU0nJQNkMSSL6.rJbqLJp5Om9xdjkPpKXiLxBhCfMhpnq','newuser@em.com',1,0,0,NULL,0,0,1396592183),(5,'test1','$2y$13$fwsm7pcJECvMccs7aXj2I.RvywG4PM/gtRvvS2h.4ubZUbLDd/IKq','test@em.com',1,0,0,NULL,0,0,1396617976);
/*!40000 ALTER TABLE `user` ENABLE KEYS */;
UNLOCK TABLES;

--
-- Table structure for table `user_role`
--

DROP TABLE IF EXISTS `user_role`;
/*!40101 SET @saved_cs_client     = @@character_set_client */;
/*!40101 SET character_set_client = utf8 */;
CREATE TABLE `user_role` (
  `user_id` int(10) unsigned NOT NULL,
  `role_id` smallint(5) unsigned NOT NULL,
  PRIMARY KEY (`user_id`,`role_id`),
  KEY `IDX_2DE8C6A3A76ED395` (`user_id`),
  KEY `IDX_2DE8C6A3D60322AC` (`role_id`),
  CONSTRAINT `FK_2DE8C6A3A76ED395` FOREIGN KEY (`user_id`) REFERENCES `user` (`id`) ON DELETE CASCADE,
  CONSTRAINT `FK_2DE8C6A3D60322AC` FOREIGN KEY (`role_id`) REFERENCES `role` (`id`) ON DELETE CASCADE
) ENGINE=InnoDB DEFAULT CHARSET=utf8 COLLATE=utf8_unicode_ci;
/*!40101 SET character_set_client = @saved_cs_client */;

--
-- Dumping data for table `user_role`
--

LOCK TABLES `user_role` WRITE;
/*!40000 ALTER TABLE `user_role` DISABLE KEYS */;
INSERT INTO `user_role` VALUES (2,1),(1,2),(2,2),(3,2),(4,2),(5,2);
/*!40000 ALTER TABLE `user_role` ENABLE KEYS */;
UNLOCK TABLES;
/*!40103 SET TIME_ZONE=@OLD_TIME_ZONE */;

/*!40101 SET SQL_MODE=@OLD_SQL_MODE */;
/*!40014 SET FOREIGN_KEY_CHECKS=@OLD_FOREIGN_KEY_CHECKS */;
/*!40014 SET UNIQUE_CHECKS=@OLD_UNIQUE_CHECKS */;
/*!40101 SET CHARACTER_SET_CLIENT=@OLD_CHARACTER_SET_CLIENT */;
/*!40101 SET CHARACTER_SET_RESULTS=@OLD_CHARACTER_SET_RESULTS */;
/*!40101 SET COLLATION_CONNECTION=@OLD_COLLATION_CONNECTION */;
/*!40111 SET SQL_NOTES=@OLD_SQL_NOTES */;

-- Dump completed on 2014-04-04  7:57:29
